[0.000000] (-) TimerEvent: {}
[0.000252] (rog_map) JobQueued: {'identifier': 'rog_map', 'dependencies': OrderedDict()}
[0.000313] (rog_map) JobStarted: {'identifier': 'rog_map'}
[0.010304] (rog_map) JobProgress: {'identifier': 'rog_map', 'progress': 'cmake'}
[0.010638] (rog_map) Command: {'cmd': ['/usr/bin/cmake', '/home/rmadmin/Nav27/ObsMap/src/RogMap_2D', '-DCMAKE_INSTALL_PREFIX=/home/rmadmin/Nav27/ObsMap/src/RogMap_2D/install/rog_map'], 'cwd': '/home/rmadmin/Nav27/ObsMap/src/RogMap_2D/build/rog_map', 'env': OrderedDict({'LESSOPEN': '| /usr/bin/lesspipe %s', 'USER': 'rmadmin', 'SSH_CLIENT': '100.123.89.120 56460 22', 'GZ_CONFIG_PATH': '/opt/ros/jazzy/opt/gz_sim_vendor/share/gz:/opt/ros/jazzy/opt/sdformat_vendor/share/gz:/opt/ros/jazzy/opt/gz_gui_vendor/share/gz:/opt/ros/jazzy/opt/gz_transport_vendor/share/gz:/opt/ros/jazzy/opt/gz_rendering_vendor/share/gz:/opt/ros/jazzy/opt/gz_plugin_vendor/share/gz:/opt/ros/jazzy/opt/gz_fuel_tools_vendor/share/gz:/opt/ros/jazzy/opt/gz_msgs_vendor/share/gz:/opt/ros/jazzy/opt/gz_common_vendor/share/gz', 'XDG_SESSION_TYPE': 'tty', 'GIT_ASKPASS': '/home/rmadmin/.vscode-server/cli/servers/Stable-e4c7e7b1d6d060162f4aa7f8225271b67ce1df75/server/extensions/git/dist/askpass.sh', 'SHLVL': '2', 'LD_LIBRARY_PATH': '/home/rmadmin/Nav27/ObsMap/install/fast_lio_localization/lib:/home/rmadmin/Nav27/ObsMap/install/fast_lio/lib:/home/rmadmin/Nav27/ws_livox/install/livox_ros_driver2/lib:/opt/ros/jazzy/opt/gz_sim_vendor/lib:/opt/ros/jazzy/opt/gz_sensors_vendor/lib:/opt/ros/jazzy/opt/gz_physics_vendor/lib:/opt/ros/jazzy/opt/sdformat_vendor/lib:/opt/ros/jazzy/opt/rviz_ogre_vendor/lib:/opt/ros/jazzy/lib/x86_64-linux-gnu:/opt/ros/jazzy/opt/gz_gui_vendor/lib:/opt/ros/jazzy/opt/gz_transport_vendor/lib:/opt/ros/jazzy/opt/gz_rendering_vendor/lib:/opt/ros/jazzy/opt/gz_plugin_vendor/lib:/opt/ros/jazzy/opt/gz_fuel_tools_vendor/lib:/opt/ros/jazzy/opt/gz_msgs_vendor/lib:/opt/ros/jazzy/opt/gz_common_vendor/lib:/opt/ros/jazzy/opt/gz_math_vendor/lib:/opt/ros/jazzy/opt/gz_utils_vendor/lib:/opt/ros/jazzy/opt/gz_tools_vendor/lib:/opt/ros/jazzy/opt/gz_ogre_next_vendor/lib:/opt/ros/jazzy/opt/gz_dartsim_vendor/lib:/opt/ros/jazzy/opt/gz_cmake_vendor/lib:/opt/ros/jazzy/lib', 'BROWSER': '/home/rmadmin/.vscode-server/cli/servers/Stable-e4c7e7b1d6d060162f4aa7f8225271b67ce1df75/server/bin/helpers/browser.sh', 'HOME': '/home/rmadmin', 'OLDPWD': '/home/rmadmin/Nav27/ObsMap', 'TERM_PROGRAM_VERSION': '1.131.0', 'VSCODE_IPC_HOOK_CLI': '/run/user/1000/vscode-ipc-8b74211f-4139-4dfc-830c-a6835f375c5c.sock', 'ROS_PYTHON_VERSION': '3', 'VSCODE_GIT_ASKPASS_MAIN': '/home/rmadmin/.vscode-server/cli/servers/Stable-e4c7e7b1d6d060162f4aa7f8225271b67ce1df75/server/extensions/git/dist/askpass-main.js', 'VSCODE_GIT_ASKPASS_NODE': '/home/rmadmin/.vscode-server/cli/servers/Stable-e4c7e7b1d6d060162f4aa7f8225271b67ce1df75/server/node', 'VSCODE_PYTHON_AUTOACTIVATE_GUARD': '1', 'DBUS_SESSION_BUS_ADDRESS': 'unix:path=/run/user/1000/bus', 'COLORTERM': 'truecolor', 'DEBUGINFOD_URLS': 'https://debuginfod.ubuntu.com', 'COLCON_PREFIX_PATH': '/home/rmadmin/Nav27/ObsMap/install:/home/rmadmin/Nav27/ws_livox/install', 'ROS_DISTRO': 'jazzy', 'LOGNAME': 'rmadmin', '_': '/usr/bin/colcon', 'ROS_VERSION': '2', 'CLAUDE_CODE_SSE_PORT': '34224', 'XDG_SESSION_CLASS': 'user', 'TERM': 'xterm-256color', 'XDG_SESSION_ID': '119', 'PATH': '/Users/fangchuran/Library/Application Support/Code/User/globalStorage/github.copilot-chat/debugCommand:/Users/fangchuran/Library/Application Support/Code/User/globalStorage/github.copilot-chat/copilotCli:/home/rmadmin/.vscode-server/cli/servers/Stable-e4c7e7b1d6d060162f4aa7f8225271b67ce1df75/server/bin/remote-cli:/opt/ros/jazzy/opt/gz_msgs_vendor/bin:/opt/ros/jazzy/opt/gz_tools_vendor/bin:/opt/ros/jazzy/opt/gz_ogre_next_vendor/bin:/opt/ros/jazzy/bin:/usr/local/sbin:/usr/local/bin:/usr/sbin:/usr/bin:/sbin:/bin:/usr/games:/usr/local/games:/snap/bin', 'XDG_RUNTIME_DIR': '/run/user/1000', 'LANG': 'C.UTF-8', 'LS_COLORS': 'rs=0:di=01;34:ln=01;36:mh=00:pi=40;33:so=01;35:do=01;35:bd=40;33;01:cd=40;33;01:or=40;31;01:mi=00:su=37;41:sg=30;43:ca=00:tw=30;42:ow=34;42:st=37;44:ex=01;32:*.tar=01;31:*.tgz=01;31:*.arc=01;31:*.arj=01;31:*.taz=01;31:*.lha=01;31:*.lz4=01;31:*.lzh=01;31:*.lzma=01;31:*.tlz=01;31:*.txz=01;31:*.tzo=01;31:*.t7z=01;31:*.zip=01;31:*.z=01;31:*.dz=01;31:*.gz=01;31:*.lrz=01;31:*.lz=01;31:*.lzo=01;31:*.xz=01;31:*.zst=01;31:*.tzst=01;31:*.bz2=01;31:*.bz=01;31:*.tbz=01;31:*.tbz2=01;31:*.tz=01;31:*.deb=01;31:*.rpm=01;31:*.jar=01;31:*.war=01;31:*.ear=01;31:*.sar=01;31:*.rar=01;31:*.alz=01;31:*.ace=01;31:*.zoo=01;31:*.cpio=01;31:*.7z=01;31:*.rz=01;31:*.cab=01;31:*.wim=01;31:*.swm=01;31:*.dwm=01;31:*.esd=01;31:*.avif=01;35:*.jpg=01;35:*.jpeg=01;35:*.mjpg=01;35:*.mjpeg=01;35:*.gif=01;35:*.bmp=01;35:*.pbm=01;35:*.pgm=01;35:*.ppm=01;35:*.tga=01;35:*.xbm=01;35:*.xpm=01;35:*.tif=01;35:*.tiff=01;35:*.png=01;35:*.svg=01;35:*.svgz=01;35:*.mng=01;35:*.pcx=01;35:*.mov=01;35:*.mpg=01;35:*.mpeg=01;35:*.m2v=01;35:*.mkv=01;35:*.webm=01;35:*.webp=01;35:*.ogm=01;35:*.mp4=01;35:*.m4v=01;35:*.mp4v=01;35:*.vob=01;35:*.qt=01;35:*.nuv=01;35:*.wmv=01;35:*.asf=01;35:*.rm=01;35:*.rmvb=01;35:*.flc=01;35:*.avi=01;35:*.fli=01;35:*.flv=01;35:*.gl=01;35:*.dl=01;35:*.xcf=01;35:*.xwd=01;35:*.yuv=01;35:*.cgm=01;35:*.emf=01;35:*.ogv=01;35:*.ogx=01;35:*.aac=00;36:*.au=00;36:*.flac=00;36:*.m4a=00;36:*.mid=00;36:*.midi=00;36:*.mka=00;36:*.mp3=00;36:*.mpc=00;36:*.ogg=00;36:*.ra=00;36:*.wav=00;36:*.oga=00;36:*.opus=00;36:*.spx=00;36:*.xspf=00;36:*~=00;90:*#=00;90:*.bak=00;90:*.crdownload=00;90:*.dpkg-dist=00;90:*.dpkg-new=00;90:*.dpkg-old=00;90:*.dpkg-tmp=00;90:*.old=00;90:*.orig=00;90:*.part=00;90:*.rej=00;90:*.rpmnew=00;90:*.rpmorig=00;90:*.rpmsave=00;90:*.swp=00;90:*.tmp=00;90:*.ucf-dist=00;90:*.ucf-new=00;90:*.ucf-old=00;90:', 'VSCODE_GIT_IPC_HANDLE': '/run/user/1000/vscode-git-438c150b49.sock', 'TERM_PROGRAM': 'vscode', 'ROS_DOMAIN_ID': '2', 'AMENT_PREFIX_PATH': '/home/rmadmin/Nav27/ObsMap/install/rog_map:/home/rmadmin/Nav27/ObsMap/install/livox_filter_27:/home/rmadmin/Nav27/ObsMap/install/fast_lio_localization:/home/rmadmin/Nav27/ObsMap/install/fast_lio:/home/rmadmin/Nav27/ws_livox/install/livox_ros_driver2:/opt/ros/jazzy', 'SHELL': '/bin/bash', 'LESSCLOSE': '/usr/bin/lesspipe %s %s', 'ROS_AUTOMATIC_DISCOVERY_RANGE': 'SUBNET', 'VSCODE_GIT_ASKPASS_EXTRA_ARGS': '', 'PWD': '/home/rmadmin/Nav27/ObsMap/src/RogMap_2D/build/rog_map', 'COPILOT_DEBUG_NONCE': 'cfdbb9aa39f67e2aa8bd2759cc69ae71', 'SSH_CONNECTION': '100.123.89.120 56460 100.122.138.58 22', 'XDG_DATA_DIRS': '/usr/share/gnome:/usr/local/share:/usr/share:/var/lib/snapd/desktop', 'PYTHONPATH': '/home/rmadmin/Nav27/ObsMap/install/fast_lio_localization/lib/python3.12/site-packages:/home/rmadmin/Nav27/ObsMap/install/fast_lio/lib/python3.12/site-packages:/home/rmadmin/Nav27/ws_livox/install/livox_ros_driver2/lib/python3.12/site-packages:/opt/ros/jazzy/opt/gz_sim_vendor/lib/python:/opt/ros/jazzy/opt/sdformat_vendor/lib/python:/opt/ros/jazzy/opt/gz_transport_vendor/lib/python:/opt/ros/jazzy/opt/gz_msgs_vendor/lib/python:/opt/ros/jazzy/opt/gz_math_vendor/lib/python:/opt/ros/jazzy/lib/python3.12/site-packages', 'COLCON': '1', 'CMAKE_PREFIX_PATH': '/home/rmadmin/Nav27/ObsMap/install/rog_map:/home/rmadmin/Nav27/ObsMap/install/livox_filter_27:/home/rmadmin/Nav27/ObsMap/install/fast_lio_localization:/home/rmadmin/Nav27/ObsMap/install/fast_lio:/home/rmadmin/Nav27/ws_livox/install/livox_ros_driver2:/opt/ros/jazzy/opt/gz_sim_vendor:/opt/ros/jazzy/opt/gz_sensors_vendor:/opt/ros/jazzy/opt/gz_physics_vendor:/opt/ros/jazzy/opt/sdformat_vendor:/opt/ros/jazzy/opt/gz_gui_vendor:/opt/ros/jazzy/opt/gz_transport_vendor:/opt/ros/jazzy/opt/gz_rendering_vendor:/opt/ros/jazzy/opt/gz_plugin_vendor:/opt/ros/jazzy/opt/gz_fuel_tools_vendor:/opt/ros/jazzy/opt/gz_msgs_vendor:/opt/ros/jazzy/opt/gz_common_vendor:/opt/ros/jazzy/opt/gz_math_vendor:/opt/ros/jazzy/opt/gz_utils_vendor:/opt/ros/jazzy/opt/gz_tools_vendor:/opt/ros/jazzy/opt/gz_ogre_next_vendor:/opt/ros/jazzy/opt/gz_dartsim_vendor:/opt/ros/jazzy/opt/gz_cmake_vendor:/opt/ros/jazzy'}), 'shell': False}
[0.072515] (rog_map) StdoutLine: {'line': b'-- The C compiler identification is GNU 13.3.0\n'}
[0.098303] (-) TimerEvent: {}
[0.131272] (rog_map) StdoutLine: {'line': b'-- The CXX compiler identification is GNU 13.3.0\n'}
[0.151668] (rog_map) StdoutLine: {'line': b'-- Detecting C compiler ABI info\n'}
[0.198718] (-) TimerEvent: {}
[0.256504] (rog_map) StdoutLine: {'line': b'-- Detecting C compiler ABI info - done\n'}
[0.267843] (rog_map) StdoutLine: {'line': b'-- Check for working C compiler: /usr/bin/cc - skipped\n'}
[0.268268] (rog_map) StdoutLine: {'line': b'-- Detecting C compile features\n'}
[0.268374] (rog_map) StdoutLine: {'line': b'-- Detecting C compile features - done\n'}
[0.276590] (rog_map) StdoutLine: {'line': b'-- Detecting CXX compiler ABI info\n'}
[0.298873] (-) TimerEvent: {}
[0.397764] (rog_map) StdoutLine: {'line': b'-- Detecting CXX compiler ABI info - done\n'}
[0.398915] (-) TimerEvent: {}
[0.411164] (rog_map) StdoutLine: {'line': b'-- Check for working CXX compiler: /usr/bin/c++ - skipped\n'}
[0.411503] (rog_map) StdoutLine: {'line': b'-- Detecting CXX compile features\n'}
[0.412247] (rog_map) StdoutLine: {'line': b'-- Detecting CXX compile features - done\n'}
[0.429926] (rog_map) StdoutLine: {'line': b'-- Found ament_cmake: 2.5.6 (/opt/ros/jazzy/share/ament_cmake/cmake)\n'}
[0.499029] (-) TimerEvent: {}
[0.599310] (-) TimerEvent: {}
[0.613931] (rog_map) StdoutLine: {'line': b'-- Found Python3: /usr/bin/python3 (found version "3.12.3") found components: Interpreter \n'}
[0.699461] (-) TimerEvent: {}
[0.778250] (rog_map) StdoutLine: {'line': b'-- Found rclcpp: 28.1.22 (/opt/ros/jazzy/share/rclcpp/cmake)\n'}
[0.799933] (-) TimerEvent: {}
[0.832386] (rog_map) StdoutLine: {'line': b'-- Found rosidl_generator_c: 4.6.9 (/opt/ros/jazzy/share/rosidl_generator_c/cmake)\n'}
[0.848785] (rog_map) StdoutLine: {'line': b'-- Found rosidl_generator_cpp: 4.6.9 (/opt/ros/jazzy/share/rosidl_generator_cpp/cmake)\n'}
[0.874632] (rog_map) StdoutLine: {'line': b'-- Using all available rosidl_typesupport_c: rosidl_typesupport_fastrtps_c;rosidl_typesupport_introspection_c\n'}
[0.896605] (rog_map) StdoutLine: {'line': b'-- Using all available rosidl_typesupport_cpp: rosidl_typesupport_fastrtps_cpp;rosidl_typesupport_introspection_cpp\n'}
[0.900108] (-) TimerEvent: {}
[1.000753] (-) TimerEvent: {}
[1.007077] (rog_map) StdoutLine: {'line': b'-- Found rmw_implementation_cmake: 7.3.3 (/opt/ros/jazzy/share/rmw_implementation_cmake/cmake)\n'}
[1.012330] (rog_map) StdoutLine: {'line': b'-- Found rmw_fastrtps_cpp: 8.4.4 (/opt/ros/jazzy/share/rmw_fastrtps_cpp/cmake)\n'}
[1.100958] (-) TimerEvent: {}
[1.128832] (rog_map) StdoutLine: {'line': b'-- Found OpenSSL: /usr/lib/x86_64-linux-gnu/libcrypto.so (found version "3.0.13")  \n'}
[1.155854] (rog_map) StdoutLine: {'line': b'-- Found FastRTPS: /opt/ros/jazzy/include (Required is at least version "2.13") \n'}
[1.187895] (rog_map) StdoutLine: {'line': b"-- Using RMW implementation 'rmw_fastrtps_cpp' as default\n"}
[1.201032] (-) TimerEvent: {}
[1.278260] (rog_map) StdoutLine: {'line': b'-- Found std_msgs: 5.3.8 (/opt/ros/jazzy/share/std_msgs/cmake)\n'}
[1.292022] (rog_map) StdoutLine: {'line': b'-- Found pcl_ros: 2.6.5 (/opt/ros/jazzy/share/pcl_ros/cmake)\n'}
[1.301265] (-) TimerEvent: {}
[1.401918] (-) TimerEvent: {}
[1.418917] (rog_map) StdoutLine: {'line': b'-- Found flann version 1.9.2\n'}
[1.502023] (-) TimerEvent: {}
[1.602494] (-) TimerEvent: {}
[1.702963] (-) TimerEvent: {}
[1.803268] (-) TimerEvent: {}
[1.809586] (rog_map) StdoutLine: {'line': b'-- Found OpenMP_CXX: -fopenmp (found version "4.5") \n'}
[1.809903] (rog_map) StdoutLine: {'line': b'-- Found OpenMP: TRUE (found version "4.5") found components: CXX \n'}
[1.903427] (-) TimerEvent: {}
[2.003757] (-) TimerEvent: {}
[2.104124] (-) TimerEvent: {}
[2.204929] (-) TimerEvent: {}
[2.305523] (-) TimerEvent: {}
[2.405798] (-) TimerEvent: {}
[2.506180] (-) TimerEvent: {}
[2.606617] (-) TimerEvent: {}
[2.707227] (-) TimerEvent: {}
[2.807921] (-) TimerEvent: {}
[2.908852] (-) TimerEvent: {}
[3.009775] (-) TimerEvent: {}
[3.110989] (-) TimerEvent: {}
[3.211309] (-) TimerEvent: {}
[3.311749] (-) TimerEvent: {}
[3.412090] (-) TimerEvent: {}
[3.503064] (rog_map) StdoutLine: {'line': b"-- Checking for module 'libusb-1.0'\n"}
[3.512153] (-) TimerEvent: {}
[3.525855] (rog_map) StdoutLine: {'line': b'--   Found libusb-1.0, version 1.0.27\n'}
[3.580517] (rog_map) StdoutLine: {'line': b'-- Found libusb: /usr/lib/x86_64-linux-gnu/libusb-1.0.so  \n'}
[3.582193] (rog_map) StdoutLine: {'line': b'-- OpenNI found (version: 1.5.4.0, include: /usr/include/ni, lib: /usr/lib/libOpenNI.so;libusb::libusb)\n'}
[3.612347] (-) TimerEvent: {}
[3.682432] (rog_map) StdoutLine: {'line': b'-- OpenNI2 found (version: 2.2.0.33, include: /usr/include/openni2, lib: /usr/lib/x86_64-linux-gnu/libOpenNI2.so;libusb::libusb)\n'}
[3.685445] (rog_map) StdoutLine: {'line': b'-- Could NOT find Pcap (missing: PCAP_LIBRARIES PCAP_INCLUDE_DIRS) \n'}
[3.699102] (rog_map) StdoutLine: {'line': b'-- Found ZLIB: /usr/lib/x86_64-linux-gnu/libz.so (found version "1.3")  \n'}
[3.712513] (-) TimerEvent: {}
[3.717495] (rog_map) StdoutLine: {'line': b'-- Found PNG: /usr/lib/x86_64-linux-gnu/libpng.so (found version "1.6.43") \n'}
[3.812829] (-) TimerEvent: {}
[3.913333] (-) TimerEvent: {}
[4.013981] (-) TimerEvent: {}
[4.114648] (-) TimerEvent: {}
[4.215295] (-) TimerEvent: {}
[4.242563] (rog_map) StdoutLine: {'line': b'-- OpenNI found (version: 1.5.4.0, include: /usr/include/ni, lib: /usr/lib/libOpenNI.so;libusb::libusb)\n'}
[4.253889] (rog_map) StdoutLine: {'line': b'-- OpenNI2 found (version: 2.2.0.33, include: /usr/include/openni2, lib: /usr/lib/x86_64-linux-gnu/libOpenNI2.so;libusb::libusb)\n'}
[4.315441] (-) TimerEvent: {}
[4.415674] (-) TimerEvent: {}
[4.516218] (-) TimerEvent: {}
[4.617309] (-) TimerEvent: {}
[4.717855] (-) TimerEvent: {}
[4.774574] (rog_map) StdoutLine: {'line': b'-- Found Qhull version 8.0.2\n'}
[4.818064] (-) TimerEvent: {}
[4.918831] (-) TimerEvent: {}
[5.020303] (-) TimerEvent: {}
[5.121249] (-) TimerEvent: {}
[5.221837] (-) TimerEvent: {}
[5.315599] (rog_map) StdoutLine: {'line': b'-- OpenNI found (version: 1.5.4.0, include: /usr/include/ni, lib: /usr/lib/libOpenNI.so;libusb::libusb)\n'}
[5.322093] (-) TimerEvent: {}
[5.422767] (-) TimerEvent: {}
[5.523208] (-) TimerEvent: {}
[5.623579] (-) TimerEvent: {}
[5.723884] (-) TimerEvent: {}
[5.771204] (rog_map) StdoutLine: {'line': b'-- Found PCL_COMMON: /usr/lib/x86_64-linux-gnu/libpcl_common.so  \n'}
[5.774412] (rog_map) StdoutLine: {'line': b'-- Found PCL_KDTREE: /usr/lib/x86_64-linux-gnu/libpcl_kdtree.so  \n'}
[5.775739] (rog_map) StdoutLine: {'line': b'-- Found PCL_OCTREE: /usr/lib/x86_64-linux-gnu/libpcl_octree.so  \n'}
[5.776848] (rog_map) StdoutLine: {'line': b'-- Found PCL_SEARCH: /usr/lib/x86_64-linux-gnu/libpcl_search.so  \n'}
[5.777918] (rog_map) StdoutLine: {'line': b'-- Found PCL_SAMPLE_CONSENSUS: /usr/lib/x86_64-linux-gnu/libpcl_sample_consensus.so  \n'}
[5.779151] (rog_map) StdoutLine: {'line': b'-- Found PCL_FILTERS: /usr/lib/x86_64-linux-gnu/libpcl_filters.so  \n'}
[5.779669] (rog_map) StdoutLine: {'line': b'-- Found PCL_2D: /usr/include/pcl-1.14  \n'}
[5.780018] (rog_map) StdoutLine: {'line': b'-- Found PCL_GEOMETRY: /usr/include/pcl-1.14  \n'}
[5.780872] (rog_map) StdoutLine: {'line': b'-- Found PCL_IO: /usr/lib/x86_64-linux-gnu/libpcl_io.so  \n'}
[5.782276] (rog_map) StdoutLine: {'line': b'-- Found PCL_FEATURES: /usr/lib/x86_64-linux-gnu/libpcl_features.so  \n'}
[5.783469] (rog_map) StdoutLine: {'line': b'-- Found PCL_ML: /usr/lib/x86_64-linux-gnu/libpcl_ml.so  \n'}
[5.784519] (rog_map) StdoutLine: {'line': b'-- Found PCL_SEGMENTATION: /usr/lib/x86_64-linux-gnu/libpcl_segmentation.so  \n'}
[5.786090] (rog_map) StdoutLine: {'line': b'-- Found PCL_VISUALIZATION: /usr/lib/x86_64-linux-gnu/libpcl_visualization.so  \n'}
[5.787718] (rog_map) StdoutLine: {'line': b'-- Found PCL_SURFACE: /usr/lib/x86_64-linux-gnu/libpcl_surface.so  \n'}
[5.791131] (rog_map) StdoutLine: {'line': b'-- Found PCL_REGISTRATION: /usr/lib/x86_64-linux-gnu/libpcl_registration.so  \n'}
[5.794139] (rog_map) StdoutLine: {'line': b'-- Found PCL_KEYPOINTS: /usr/lib/x86_64-linux-gnu/libpcl_keypoints.so  \n'}
[5.795559] (rog_map) StdoutLine: {'line': b'-- Found PCL_TRACKING: /usr/lib/x86_64-linux-gnu/libpcl_tracking.so  \n'}
[5.796290] (rog_map) StdoutLine: {'line': b'-- Found PCL_RECOGNITION: /usr/lib/x86_64-linux-gnu/libpcl_recognition.so  \n'}
[5.797108] (rog_map) StdoutLine: {'line': b'-- Found PCL_STEREO: /usr/lib/x86_64-linux-gnu/libpcl_stereo.so  \n'}
[5.797779] (rog_map) StdoutLine: {'line': b'-- Found PCL_APPS: /usr/lib/x86_64-linux-gnu/libpcl_apps.so  \n'}
[5.798377] (rog_map) StdoutLine: {'line': b'-- Found PCL_IN_HAND_SCANNER: /usr/include/pcl-1.14  \n'}
[5.798623] (rog_map) StdoutLine: {'line': b'-- Found PCL_MODELER: /usr/include/pcl-1.14  \n'}
[5.798921] (rog_map) StdoutLine: {'line': b'-- Found PCL_POINT_CLOUD_EDITOR: /usr/include/pcl-1.14  \n'}
[5.799657] (rog_map) StdoutLine: {'line': b'-- Found PCL_OUTOFCORE: /usr/lib/x86_64-linux-gnu/libpcl_outofcore.so  \n'}
[5.800518] (rog_map) StdoutLine: {'line': b'-- Found PCL_PEOPLE: /usr/lib/x86_64-linux-gnu/libpcl_people.so  \n'}
[5.824008] (-) TimerEvent: {}
[5.924266] (-) TimerEvent: {}
[5.979399] (rog_map) StdoutLine: {'line': b'-- Found eigen3_cmake_module: 0.3.1 (/opt/ros/jazzy/share/eigen3_cmake_module/cmake)\n'}
[5.981280] (rog_map) StdoutLine: {'line': b'-- Found Eigen3: TRUE (found version "3.4.0") \n'}
[5.981468] (rog_map) StdoutLine: {'line': b'-- Ensuring Eigen3 include directory is part of orocos-kdl CMake target\n'}
[5.988202] (rog_map) StdoutLine: {'line': b'-- Found nav_msgs: 5.3.8 (/opt/ros/jazzy/share/nav_msgs/cmake)\n'}
[6.012398] (rog_map) StdoutLine: {'line': b'-- Found visualization_msgs: 5.3.8 (/opt/ros/jazzy/share/visualization_msgs/cmake)\n'}
[6.024363] (-) TimerEvent: {}
[6.124825] (-) TimerEvent: {}
[6.170341] (rog_map) StdoutLine: {'line': b'-- Configuring done (6.2s)\n'}
[6.223214] (rog_map) StdoutLine: {'line': b'-- Generating done (0.0s)\n'}
[6.224951] (-) TimerEvent: {}
[6.232588] (rog_map) StdoutLine: {'line': b'-- Build files have been written to: /home/rmadmin/Nav27/ObsMap/src/RogMap_2D/build/rog_map\n'}
[6.272293] (rog_map) CommandEnded: {'returncode': 0}
[6.273013] (rog_map) JobProgress: {'identifier': 'rog_map', 'progress': 'build'}
[6.273863] (rog_map) Command: {'cmd': ['/usr/bin/cmake', '--build', '/home/rmadmin/Nav27/ObsMap/src/RogMap_2D/build/rog_map', '--', '-j16', '-l16'], 'cwd': '/home/rmadmin/Nav27/ObsMap/src/RogMap_2D/build/rog_map', 'env': OrderedDict({'LESSOPEN': '| /usr/bin/lesspipe %s', 'USER': 'rmadmin', 'SSH_CLIENT': '100.123.89.120 56460 22', 'GZ_CONFIG_PATH': '/opt/ros/jazzy/opt/gz_sim_vendor/share/gz:/opt/ros/jazzy/opt/sdformat_vendor/share/gz:/opt/ros/jazzy/opt/gz_gui_vendor/share/gz:/opt/ros/jazzy/opt/gz_transport_vendor/share/gz:/opt/ros/jazzy/opt/gz_rendering_vendor/share/gz:/opt/ros/jazzy/opt/gz_plugin_vendor/share/gz:/opt/ros/jazzy/opt/gz_fuel_tools_vendor/share/gz:/opt/ros/jazzy/opt/gz_msgs_vendor/share/gz:/opt/ros/jazzy/opt/gz_common_vendor/share/gz', 'XDG_SESSION_TYPE': 'tty', 'GIT_ASKPASS': '/home/rmadmin/.vscode-server/cli/servers/Stable-e4c7e7b1d6d060162f4aa7f8225271b67ce1df75/server/extensions/git/dist/askpass.sh', 'SHLVL': '2', 'LD_LIBRARY_PATH': '/home/rmadmin/Nav27/ObsMap/install/fast_lio_localization/lib:/home/rmadmin/Nav27/ObsMap/install/fast_lio/lib:/home/rmadmin/Nav27/ws_livox/install/livox_ros_driver2/lib:/opt/ros/jazzy/opt/gz_sim_vendor/lib:/opt/ros/jazzy/opt/gz_sensors_vendor/lib:/opt/ros/jazzy/opt/gz_physics_vendor/lib:/opt/ros/jazzy/opt/sdformat_vendor/lib:/opt/ros/jazzy/opt/rviz_ogre_vendor/lib:/opt/ros/jazzy/lib/x86_64-linux-gnu:/opt/ros/jazzy/opt/gz_gui_vendor/lib:/opt/ros/jazzy/opt/gz_transport_vendor/lib:/opt/ros/jazzy/opt/gz_rendering_vendor/lib:/opt/ros/jazzy/opt/gz_plugin_vendor/lib:/opt/ros/jazzy/opt/gz_fuel_tools_vendor/lib:/opt/ros/jazzy/opt/gz_msgs_vendor/lib:/opt/ros/jazzy/opt/gz_common_vendor/lib:/opt/ros/jazzy/opt/gz_math_vendor/lib:/opt/ros/jazzy/opt/gz_utils_vendor/lib:/opt/ros/jazzy/opt/gz_tools_vendor/lib:/opt/ros/jazzy/opt/gz_ogre_next_vendor/lib:/opt/ros/jazzy/opt/gz_dartsim_vendor/lib:/opt/ros/jazzy/opt/gz_cmake_vendor/lib:/opt/ros/jazzy/lib', 'BROWSER': '/home/rmadmin/.vscode-server/cli/servers/Stable-e4c7e7b1d6d060162f4aa7f8225271b67ce1df75/server/bin/helpers/browser.sh', 'HOME': '/home/rmadmin', 'OLDPWD': '/home/rmadmin/Nav27/ObsMap', 'TERM_PROGRAM_VERSION': '1.131.0', 'VSCODE_IPC_HOOK_CLI': '/run/user/1000/vscode-ipc-8b74211f-4139-4dfc-830c-a6835f375c5c.sock', 'ROS_PYTHON_VERSION': '3', 'VSCODE_GIT_ASKPASS_MAIN': '/home/rmadmin/.vscode-server/cli/servers/Stable-e4c7e7b1d6d060162f4aa7f8225271b67ce1df75/server/extensions/git/dist/askpass-main.js', 'VSCODE_GIT_ASKPASS_NODE': '/home/rmadmin/.vscode-server/cli/servers/Stable-e4c7e7b1d6d060162f4aa7f8225271b67ce1df75/server/node', 'VSCODE_PYTHON_AUTOACTIVATE_GUARD': '1', 'DBUS_SESSION_BUS_ADDRESS': 'unix:path=/run/user/1000/bus', 'COLORTERM': 'truecolor', 'DEBUGINFOD_URLS': 'https://debuginfod.ubuntu.com', 'COLCON_PREFIX_PATH': '/home/rmadmin/Nav27/ObsMap/install:/home/rmadmin/Nav27/ws_livox/install', 'ROS_DISTRO': 'jazzy', 'LOGNAME': 'rmadmin', '_': '/usr/bin/colcon', 'ROS_VERSION': '2', 'CLAUDE_CODE_SSE_PORT': '34224', 'XDG_SESSION_CLASS': 'user', 'TERM': 'xterm-256color', 'XDG_SESSION_ID': '119', 'PATH': '/Users/fangchuran/Library/Application Support/Code/User/globalStorage/github.copilot-chat/debugCommand:/Users/fangchuran/Library/Application Support/Code/User/globalStorage/github.copilot-chat/copilotCli:/home/rmadmin/.vscode-server/cli/servers/Stable-e4c7e7b1d6d060162f4aa7f8225271b67ce1df75/server/bin/remote-cli:/opt/ros/jazzy/opt/gz_msgs_vendor/bin:/opt/ros/jazzy/opt/gz_tools_vendor/bin:/opt/ros/jazzy/opt/gz_ogre_next_vendor/bin:/opt/ros/jazzy/bin:/usr/local/sbin:/usr/local/bin:/usr/sbin:/usr/bin:/sbin:/bin:/usr/games:/usr/local/games:/snap/bin', 'XDG_RUNTIME_DIR': '/run/user/1000', 'LANG': 'C.UTF-8', 'LS_COLORS': 'rs=0:di=01;34:ln=01;36:mh=00:pi=40;33:so=01;35:do=01;35:bd=40;33;01:cd=40;33;01:or=40;31;01:mi=00:su=37;41:sg=30;43:ca=00:tw=30;42:ow=34;42:st=37;44:ex=01;32:*.tar=01;31:*.tgz=01;31:*.arc=01;31:*.arj=01;31:*.taz=01;31:*.lha=01;31:*.lz4=01;31:*.lzh=01;31:*.lzma=01;31:*.tlz=01;31:*.txz=01;31:*.tzo=01;31:*.t7z=01;31:*.zip=01;31:*.z=01;31:*.dz=01;31:*.gz=01;31:*.lrz=01;31:*.lz=01;31:*.lzo=01;31:*.xz=01;31:*.zst=01;31:*.tzst=01;31:*.bz2=01;31:*.bz=01;31:*.tbz=01;31:*.tbz2=01;31:*.tz=01;31:*.deb=01;31:*.rpm=01;31:*.jar=01;31:*.war=01;31:*.ear=01;31:*.sar=01;31:*.rar=01;31:*.alz=01;31:*.ace=01;31:*.zoo=01;31:*.cpio=01;31:*.7z=01;31:*.rz=01;31:*.cab=01;31:*.wim=01;31:*.swm=01;31:*.dwm=01;31:*.esd=01;31:*.avif=01;35:*.jpg=01;35:*.jpeg=01;35:*.mjpg=01;35:*.mjpeg=01;35:*.gif=01;35:*.bmp=01;35:*.pbm=01;35:*.pgm=01;35:*.ppm=01;35:*.tga=01;35:*.xbm=01;35:*.xpm=01;35:*.tif=01;35:*.tiff=01;35:*.png=01;35:*.svg=01;35:*.svgz=01;35:*.mng=01;35:*.pcx=01;35:*.mov=01;35:*.mpg=01;35:*.mpeg=01;35:*.m2v=01;35:*.mkv=01;35:*.webm=01;35:*.webp=01;35:*.ogm=01;35:*.mp4=01;35:*.m4v=01;35:*.mp4v=01;35:*.vob=01;35:*.qt=01;35:*.nuv=01;35:*.wmv=01;35:*.asf=01;35:*.rm=01;35:*.rmvb=01;35:*.flc=01;35:*.avi=01;35:*.fli=01;35:*.flv=01;35:*.gl=01;35:*.dl=01;35:*.xcf=01;35:*.xwd=01;35:*.yuv=01;35:*.cgm=01;35:*.emf=01;35:*.ogv=01;35:*.ogx=01;35:*.aac=00;36:*.au=00;36:*.flac=00;36:*.m4a=00;36:*.mid=00;36:*.midi=00;36:*.mka=00;36:*.mp3=00;36:*.mpc=00;36:*.ogg=00;36:*.ra=00;36:*.wav=00;36:*.oga=00;36:*.opus=00;36:*.spx=00;36:*.xspf=00;36:*~=00;90:*#=00;90:*.bak=00;90:*.crdownload=00;90:*.dpkg-dist=00;90:*.dpkg-new=00;90:*.dpkg-old=00;90:*.dpkg-tmp=00;90:*.old=00;90:*.orig=00;90:*.part=00;90:*.rej=00;90:*.rpmnew=00;90:*.rpmorig=00;90:*.rpmsave=00;90:*.swp=00;90:*.tmp=00;90:*.ucf-dist=00;90:*.ucf-new=00;90:*.ucf-old=00;90:', 'VSCODE_GIT_IPC_HANDLE': '/run/user/1000/vscode-git-438c150b49.sock', 'TERM_PROGRAM': 'vscode', 'ROS_DOMAIN_ID': '2', 'AMENT_PREFIX_PATH': '/home/rmadmin/Nav27/ObsMap/install/rog_map:/home/rmadmin/Nav27/ObsMap/install/livox_filter_27:/home/rmadmin/Nav27/ObsMap/install/fast_lio_localization:/home/rmadmin/Nav27/ObsMap/install/fast_lio:/home/rmadmin/Nav27/ws_livox/install/livox_ros_driver2:/opt/ros/jazzy', 'SHELL': '/bin/bash', 'LESSCLOSE': '/usr/bin/lesspipe %s %s', 'ROS_AUTOMATIC_DISCOVERY_RANGE': 'SUBNET', 'VSCODE_GIT_ASKPASS_EXTRA_ARGS': '', 'PWD': '/home/rmadmin/Nav27/ObsMap/src/RogMap_2D/build/rog_map', 'COPILOT_DEBUG_NONCE': 'cfdbb9aa39f67e2aa8bd2759cc69ae71', 'SSH_CONNECTION': '100.123.89.120 56460 100.122.138.58 22', 'XDG_DATA_DIRS': '/usr/share/gnome:/usr/local/share:/usr/share:/var/lib/snapd/desktop', 'PYTHONPATH': '/home/rmadmin/Nav27/ObsMap/install/fast_lio_localization/lib/python3.12/site-packages:/home/rmadmin/Nav27/ObsMap/install/fast_lio/lib/python3.12/site-packages:/home/rmadmin/Nav27/ws_livox/install/livox_ros_driver2/lib/python3.12/site-packages:/opt/ros/jazzy/opt/gz_sim_vendor/lib/python:/opt/ros/jazzy/opt/sdformat_vendor/lib/python:/opt/ros/jazzy/opt/gz_transport_vendor/lib/python:/opt/ros/jazzy/opt/gz_msgs_vendor/lib/python:/opt/ros/jazzy/opt/gz_math_vendor/lib/python:/opt/ros/jazzy/lib/python3.12/site-packages', 'COLCON': '1', 'CMAKE_PREFIX_PATH': '/home/rmadmin/Nav27/ObsMap/install/rog_map:/home/rmadmin/Nav27/ObsMap/install/livox_filter_27:/home/rmadmin/Nav27/ObsMap/install/fast_lio_localization:/home/rmadmin/Nav27/ObsMap/install/fast_lio:/home/rmadmin/Nav27/ws_livox/install/livox_ros_driver2:/opt/ros/jazzy/opt/gz_sim_vendor:/opt/ros/jazzy/opt/gz_sensors_vendor:/opt/ros/jazzy/opt/gz_physics_vendor:/opt/ros/jazzy/opt/sdformat_vendor:/opt/ros/jazzy/opt/gz_gui_vendor:/opt/ros/jazzy/opt/gz_transport_vendor:/opt/ros/jazzy/opt/gz_rendering_vendor:/opt/ros/jazzy/opt/gz_plugin_vendor:/opt/ros/jazzy/opt/gz_fuel_tools_vendor:/opt/ros/jazzy/opt/gz_msgs_vendor:/opt/ros/jazzy/opt/gz_common_vendor:/opt/ros/jazzy/opt/gz_math_vendor:/opt/ros/jazzy/opt/gz_utils_vendor:/opt/ros/jazzy/opt/gz_tools_vendor:/opt/ros/jazzy/opt/gz_ogre_next_vendor:/opt/ros/jazzy/opt/gz_dartsim_vendor:/opt/ros/jazzy/opt/gz_cmake_vendor:/opt/ros/jazzy'}), 'shell': False}
[6.325100] (-) TimerEvent: {}
[6.362620] (rog_map) StdoutLine: {'line': b'[ 16%] \x1b[32mBuilding CXX object CMakeFiles/rog_map.dir/src/rog_map/inf_map.cpp.o\x1b[0m\n'}
[6.363250] (rog_map) StdoutLine: {'line': b'[ 16%] \x1b[32mBuilding CXX object CMakeFiles/rog_map.dir/src/rog_map/esdf_map.cpp.o\x1b[0m\n'}
[6.363366] (rog_map) StdoutLine: {'line': b'[ 41%] \x1b[32mBuilding CXX object CMakeFiles/rog_map.dir/src/rog_map/counter_map.cpp.o\x1b[0m\n'}
[6.363453] (rog_map) StdoutLine: {'line': b'[ 41%] \x1b[32mBuilding CXX object CMakeFiles/rog_map.dir/include/rog_map/rog_map_core/raycaster.cpp.o\x1b[0m\n'}
[6.363537] (rog_map) StdoutLine: {'line': b'[ 41%] \x1b[32mBuilding CXX object CMakeFiles/rog_map.dir/src/projection2d.cpp.o\x1b[0m\n'}
[6.363625] (rog_map) StdoutLine: {'line': b'[ 58%] \x1b[32mBuilding CXX object CMakeFiles/rog_map.dir/src/rog_map/sliding_map.cpp.o\x1b[0m\n'}
[6.363772] (rog_map) StdoutLine: {'line': b'[ 58%] \x1b[32mBuilding CXX object CMakeFiles/rog_map.dir/src/rog_map/prob_map.cpp.o\x1b[0m\n'}
[6.363906] (rog_map) StdoutLine: {'line': b'[ 75%] \x1b[32mBuilding CXX object CMakeFiles/rog_map.dir/src/rog_map/rog_map.cpp.o\x1b[0m\n'}
[6.364023] (rog_map) StdoutLine: {'line': b'[ 75%] \x1b[32mBuilding CXX object CMakeFiles/rog_map.dir/src/rog_map_ros/rog_map_ros1.cpp.o\x1b[0m\n'}
[6.425916] (-) TimerEvent: {}
[6.526540] (-) TimerEvent: {}
[6.627283] (-) TimerEvent: {}
[6.727962] (-) TimerEvent: {}
[6.828635] (-) TimerEvent: {}
[6.929889] (-) TimerEvent: {}
[7.030740] (-) TimerEvent: {}
[7.131098] (-) TimerEvent: {}
[7.231553] (-) TimerEvent: {}
[7.332124] (-) TimerEvent: {}
[7.432537] (-) TimerEvent: {}
[7.532890] (-) TimerEvent: {}
[7.633366] (-) TimerEvent: {}
[7.733983] (-) TimerEvent: {}
[7.834741] (-) TimerEvent: {}
[7.935667] (-) TimerEvent: {}
[8.036726] (-) TimerEvent: {}
[8.137606] (-) TimerEvent: {}
[8.238811] (-) TimerEvent: {}
[8.340300] (-) TimerEvent: {}
[8.441456] (-) TimerEvent: {}
[8.542626] (-) TimerEvent: {}
[8.644854] (-) TimerEvent: {}
[8.745600] (-) TimerEvent: {}
[8.846174] (-) TimerEvent: {}
[8.947385] (-) TimerEvent: {}
[9.049057] (-) TimerEvent: {}
[9.149987] (-) TimerEvent: {}
[9.251027] (-) TimerEvent: {}
[9.351959] (-) TimerEvent: {}
[9.452733] (-) TimerEvent: {}
[9.555419] (-) TimerEvent: {}
[9.656869] (-) TimerEvent: {}
[9.757604] (-) TimerEvent: {}
[9.858956] (-) TimerEvent: {}
[9.959878] (-) TimerEvent: {}
[10.060520] (-) TimerEvent: {}
[10.161406] (-) TimerEvent: {}
[10.262799] (-) TimerEvent: {}
[10.363843] (-) TimerEvent: {}
[10.464620] (-) TimerEvent: {}
[10.565289] (-) TimerEvent: {}
[10.665981] (-) TimerEvent: {}
[10.766464] (-) TimerEvent: {}
[10.867219] (-) TimerEvent: {}
[10.967915] (-) TimerEvent: {}
[11.068633] (-) TimerEvent: {}
[11.170892] (-) TimerEvent: {}
[11.272328] (-) TimerEvent: {}
[11.373081] (-) TimerEvent: {}
[11.474505] (-) TimerEvent: {}
[11.575462] (-) TimerEvent: {}
[11.679036] (-) TimerEvent: {}
[11.782061] (-) TimerEvent: {}
[11.882757] (-) TimerEvent: {}
[11.983538] (-) TimerEvent: {}
[12.084321] (-) TimerEvent: {}
[12.184845] (-) TimerEvent: {}
[12.285255] (-) TimerEvent: {}
[12.385592] (-) TimerEvent: {}
[12.486068] (-) TimerEvent: {}
[12.586862] (-) TimerEvent: {}
[12.687608] (-) TimerEvent: {}
[12.788851] (-) TimerEvent: {}
[12.889978] (-) TimerEvent: {}
[12.991118] (-) TimerEvent: {}
[13.091858] (-) TimerEvent: {}
[13.192772] (-) TimerEvent: {}
[13.293934] (-) TimerEvent: {}
[13.395062] (-) TimerEvent: {}
[13.496865] (-) TimerEvent: {}
[13.597803] (-) TimerEvent: {}
[13.698494] (-) TimerEvent: {}
[13.799869] (-) TimerEvent: {}
[13.901276] (-) TimerEvent: {}
[14.002626] (-) TimerEvent: {}
[14.103362] (-) TimerEvent: {}
[14.203980] (-) TimerEvent: {}
[14.304734] (-) TimerEvent: {}
[14.405300] (-) TimerEvent: {}
[14.506951] (-) TimerEvent: {}
[14.608370] (-) TimerEvent: {}
[14.709122] (-) TimerEvent: {}
[14.813927] (-) TimerEvent: {}
[14.915073] (-) TimerEvent: {}
[15.018694] (-) TimerEvent: {}
[15.119329] (-) TimerEvent: {}
[15.220236] (-) TimerEvent: {}
[15.322671] (-) TimerEvent: {}
[15.423252] (-) TimerEvent: {}
[15.524297] (-) TimerEvent: {}
[15.628883] (-) TimerEvent: {}
[15.729926] (-) TimerEvent: {}
[15.831408] (-) TimerEvent: {}
[15.933827] (-) TimerEvent: {}
[16.034761] (-) TimerEvent: {}
[16.135558] (-) TimerEvent: {}
[16.236054] (-) TimerEvent: {}
[16.337281] (-) TimerEvent: {}
[16.438008] (-) TimerEvent: {}
[16.538568] (-) TimerEvent: {}
[16.639072] (-) TimerEvent: {}
[16.742169] (-) TimerEvent: {}
[16.843760] (-) TimerEvent: {}
[16.945086] (-) TimerEvent: {}
[17.046985] (-) TimerEvent: {}
[17.147661] (-) TimerEvent: {}
[17.248296] (-) TimerEvent: {}
[17.348878] (-) TimerEvent: {}
[17.449873] (-) TimerEvent: {}
[17.550929] (-) TimerEvent: {}
[17.651930] (-) TimerEvent: {}
[17.752813] (-) TimerEvent: {}
[17.853692] (-) TimerEvent: {}
[17.954691] (-) TimerEvent: {}
[18.057921] (-) TimerEvent: {}
[18.159948] (-) TimerEvent: {}
[18.260668] (-) TimerEvent: {}
[18.361381] (-) TimerEvent: {}
[18.462260] (-) TimerEvent: {}
[18.562939] (-) TimerEvent: {}
[18.663578] (-) TimerEvent: {}
[18.764528] (-) TimerEvent: {}
[18.865522] (-) TimerEvent: {}
[18.966391] (-) TimerEvent: {}
[19.067355] (-) TimerEvent: {}
[19.168054] (-) TimerEvent: {}
[19.268733] (-) TimerEvent: {}
[19.369501] (-) TimerEvent: {}
[19.470329] (-) TimerEvent: {}
[19.571020] (-) TimerEvent: {}
[19.671620] (-) TimerEvent: {}
[19.772331] (-) TimerEvent: {}
[19.851276] (rog_map) StderrLine: {'line': b'\x1b[01m\x1b[K/home/rmadmin/Nav27/ObsMap/src/RogMap_2D/src/rog_map/rog_map.cpp:\x1b[m\x1b[K In member function \xe2\x80\x98\x1b[01m\x1b[Kvoid rog_map::ROGMap::\x1b[01;32m\x1b[Kinit\x1b[m\x1b[K()\x1b[m\x1b[K\xe2\x80\x99:\n'}
[19.851794] (rog_map) StderrLine: {'line': b'\x1b[01m\x1b[K/home/rmadmin/Nav27/ObsMap/src/RogMap_2D/src/rog_map/rog_map.cpp:53:23:\x1b[m\x1b[K \x1b[01;35m\x1b[Kwarning: \x1b[m\x1b[Kcomparison of integer expressions of different signedness: \xe2\x80\x98\x1b[01m\x1b[Kint\x1b[m\x1b[K\xe2\x80\x99 and \xe2\x80\x98\x1b[01m\x1b[Kstd::vector<std::__cxx11::basic_string<char>, std::allocator<std::__cxx11::basic_string<char> > >::size_type\x1b[m\x1b[K\xe2\x80\x99 {aka \xe2\x80\x98\x1b[01m\x1b[Klong unsigned int\x1b[m\x1b[K\xe2\x80\x99} [\x1b[01;35m\x1b[K\x1b]8;;https://gcc.gnu.org/onlinedocs/gcc/Warning-Options.html#index-Wsign-compare\x07-Wsign-compare\x1b]8;;\x07\x1b[m\x1b[K]\n'}
[19.851985] (rog_map) StderrLine: {'line': b'   53 |     for (int i = 0; \x1b[01;35m\x1b[Ki < time_consuming_name_.size()\x1b[m\x1b[K; i++) {\n'}
[19.852139] (rog_map) StderrLine: {'line': b'      |                     \x1b[01;35m\x1b[K~~^~~~~~~~~~~~~~~~~~~~~~~~~~~~~\x1b[m\x1b[K\n'}
[19.852832] (rog_map) StderrLine: {'line': b'\x1b[01m\x1b[K/home/rmadmin/Nav27/ObsMap/src/RogMap_2D/src/rog_map/rog_map.cpp:55:15:\x1b[m\x1b[K \x1b[01;35m\x1b[Kwarning: \x1b[m\x1b[Kcomparison of integer expressions of different signedness: \xe2\x80\x98\x1b[01m\x1b[Kint\x1b[m\x1b[K\xe2\x80\x99 and \xe2\x80\x98\x1b[01m\x1b[Kstd::vector<std::__cxx11::basic_string<char>, std::allocator<std::__cxx11::basic_string<char> > >::size_type\x1b[m\x1b[K\xe2\x80\x99 {aka \xe2\x80\x98\x1b[01m\x1b[Klong unsigned int\x1b[m\x1b[K\xe2\x80\x99} [\x1b[01;35m\x1b[K\x1b]8;;https://gcc.gnu.org/onlinedocs/gcc/Warning-Options.html#index-Wsign-compare\x07-Wsign-compare\x1b]8;;\x07\x1b[m\x1b[K]\n'}
[19.853016] (rog_map) StderrLine: {'line': b'   55 |         if (\x1b[01;35m\x1b[Ki != time_consuming_name_.size() - 1\x1b[m\x1b[K) {\n'}
[19.853118] (rog_map) StderrLine: {'line': b'      |             \x1b[01;35m\x1b[K~~^~~~~~~~~~~~~~~~~~~~~~~~~~~~~~~~~~\x1b[m\x1b[K\n'}
[19.873122] (-) TimerEvent: {}
[19.973995] (-) TimerEvent: {}
[20.075853] (-) TimerEvent: {}
[20.176902] (-) TimerEvent: {}
[20.279313] (-) TimerEvent: {}
[20.370412] (rog_map) StderrLine: {'line': b'In file included from \x1b[01m\x1b[K/home/rmadmin/Nav27/ObsMap/src/RogMap_2D/include/rog_map/rog_map_core/raycaster.h:30\x1b[m\x1b[K,\n'}
[20.370771] (rog_map) StderrLine: {'line': b'                 from \x1b[01m\x1b[K/home/rmadmin/Nav27/ObsMap/src/RogMap_2D/include/rog_map/rog_map_core/raycaster.cpp:24\x1b[m\x1b[K:\n'}
[20.370930] (rog_map) StderrLine: {'line': b'\x1b[01m\x1b[K/home/rmadmin/Nav27/ObsMap/src/RogMap_2D/include/rog_map/rog_map_core/common_lib.hpp:120:17:\x1b[m\x1b[K \x1b[01;35m\x1b[Kwarning: \x1b[m\x1b[K\xe2\x80\x98\x1b[01m\x1b[Kbool rog_map::\x1b[01;32m\x1b[KlineIntersectBox\x1b[m\x1b[K(super_utils::Vec3f, super_utils::Vec3f, super_utils::Vec3f, super_utils::Vec3f, super_utils::Vec3f&)\x1b[m\x1b[K\xe2\x80\x99 defined but not used [\x1b[01;35m\x1b[K\x1b]8;;https://gcc.gnu.org/onlinedocs/gcc/Warning-Options.html#index-Wunused-function\x07-Wunused-function\x1b]8;;\x07\x1b[m\x1b[K]\n'}
[20.371067] (rog_map) StderrLine: {'line': b'  120 |     static bool \x1b[01;35m\x1b[KlineIntersectBox\x1b[m\x1b[K(super_utils::Vec3f L1, super_utils::Vec3f L2, super_utils::Vec3f B1,\n'}
[20.371190] (rog_map) StderrLine: {'line': b'      |                 \x1b[01;35m\x1b[K^~~~~~~~~~~~~~~~\x1b[m\x1b[K\n'}
[20.371310] (rog_map) StderrLine: {'line': b'\x1b[01m\x1b[K/home/rmadmin/Nav27/ObsMap/src/RogMap_2D/include/rog_map/rog_map_core/common_lib.hpp:76:31:\x1b[m\x1b[K \x1b[01;35m\x1b[Kwarning: \x1b[m\x1b[K\xe2\x80\x98\x1b[01m\x1b[Ksuper_utils::Vec3f rog_map::\x1b[01;32m\x1b[KlineBoxIntersectPoint\x1b[m\x1b[K(const super_utils::Vec3f&, const super_utils::Vec3f&, const super_utils::Vec3f&, const super_utils::Vec3f&)\x1b[m\x1b[K\xe2\x80\x99 defined but not used [\x1b[01;35m\x1b[K\x1b]8;;https://gcc.gnu.org/onlinedocs/gcc/Warning-Options.html#index-Wunused-function\x07-Wunused-function\x1b]8;;\x07\x1b[m\x1b[K]\n'}
[20.371483] (rog_map) StderrLine: {'line': b'   76 |     static super_utils::Vec3f \x1b[01;35m\x1b[KlineBoxIntersectPoint\x1b[m\x1b[K(const super_utils::Vec3f& pt, const super_utils::Vec3f& pos,\n'}
[20.371606] (rog_map) StderrLine: {'line': b'      |                               \x1b[01;35m\x1b[K^~~~~~~~~~~~~~~~~~~~~\x1b[m\x1b[K\n'}
[20.371761] (rog_map) StderrLine: {'line': b'\x1b[01m\x1b[K/home/rmadmin/Nav27/ObsMap/src/RogMap_2D/include/rog_map/rog_map_core/common_lib.hpp:65:19:\x1b[m\x1b[K \x1b[01;35m\x1b[Kwarning: \x1b[m\x1b[K\xe2\x80\x98\x1b[01m\x1b[Kdouble rog_map::\x1b[01;32m\x1b[KcomputePathLength\x1b[m\x1b[K(super_utils::vec_E<Eigen::Matrix<double, 3, 1> >&)\x1b[m\x1b[K\xe2\x80\x99 defined but not used [\x1b[01;35m\x1b[K\x1b]8;;https://gcc.gnu.org/onlinedocs/gcc/Warning-Options.html#index-Wunused-function\x07-Wunused-function\x1b]8;;\x07\x1b[m\x1b[K]\n'}
[20.371894] (rog_map) StderrLine: {'line': b'   65 |     static double \x1b[01;35m\x1b[KcomputePathLength\x1b[m\x1b[K(const super_utils::vec_E<super_utils::Vec3f>& path) {\n'}
[20.372031] (rog_map) StderrLine: {'line': b'      |                   \x1b[01;35m\x1b[K^~~~~~~~~~~~~~~~~\x1b[m\x1b[K\n'}
[20.379770] (-) TimerEvent: {}
[20.483790] (-) TimerEvent: {}
[20.585520] (-) TimerEvent: {}
[20.686136] (-) TimerEvent: {}
[20.788919] (-) TimerEvent: {}
[20.896314] (-) TimerEvent: {}
[20.997869] (-) TimerEvent: {}
[21.098971] (-) TimerEvent: {}
[21.200025] (-) TimerEvent: {}
[21.300979] (-) TimerEvent: {}
[21.402034] (-) TimerEvent: {}
[21.503506] (-) TimerEvent: {}
[21.534753] (rog_map) StderrLine: {'line': b'\x1b[01m\x1b[Kcc1plus:\x1b[m\x1b[K \x1b[01;36m\x1b[Knote: \x1b[m\x1b[Kunrecognized command-line option \xe2\x80\x98\x1b[01m\x1b[K-Wno-dev\x1b[m\x1b[K\xe2\x80\x99 may have been intended to silence earlier diagnostics\n'}
[21.603732] (-) TimerEvent: {}
[21.704503] (-) TimerEvent: {}
[21.733945] (rog_map) StderrLine: {'line': b'In file included from \x1b[01m\x1b[K/home/rmadmin/Nav27/ObsMap/src/RogMap_2D/include/fmt/format.h:48\x1b[m\x1b[K,\n'}
[21.734327] (rog_map) StderrLine: {'line': b'                 from \x1b[01m\x1b[K/home/rmadmin/Nav27/ObsMap/src/RogMap_2D/include/super_utils/fmt_eigen.hpp:28\x1b[m\x1b[K,\n'}
[21.734460] (rog_map) StderrLine: {'line': b'                 from \x1b[01m\x1b[K/home/rmadmin/Nav27/ObsMap/src/RogMap_2D/include/rog_map/rog_map_core/common_lib.hpp:38\x1b[m\x1b[K,\n'}
[21.734621] (rog_map) StderrLine: {'line': b'                 from \x1b[01m\x1b[K/home/rmadmin/Nav27/ObsMap/src/RogMap_2D/include/rog_map/rog_map_core/config.hpp:26\x1b[m\x1b[K,\n'}
[21.734747] (rog_map) StderrLine: {'line': b'                 from \x1b[01m\x1b[K/home/rmadmin/Nav27/ObsMap/src/RogMap_2D/include/rog_map/rog_map_core/sliding_map.h:26\x1b[m\x1b[K,\n'}
[21.734860] (rog_map) StderrLine: {'line': b'                 from \x1b[01m\x1b[K/home/rmadmin/Nav27/ObsMap/src/RogMap_2D/include/rog_map/rog_map_core/counter_map.h:27\x1b[m\x1b[K,\n'}
[21.734969] (rog_map) StderrLine: {'line': b'                 from \x1b[01m\x1b[K/home/rmadmin/Nav27/ObsMap/src/RogMap_2D/include/rog_map/inf_map.h:26\x1b[m\x1b[K,\n'}
[21.735074] (rog_map) StderrLine: {'line': b'                 from \x1b[01m\x1b[K/home/rmadmin/Nav27/ObsMap/src/RogMap_2D/include/rog_map/prob_map.h:28\x1b[m\x1b[K,\n'}
[21.735203] (rog_map) StderrLine: {'line': b'                 from \x1b[01m\x1b[K/home/rmadmin/Nav27/ObsMap/src/RogMap_2D/include/rog_map/rog_map.h:26\x1b[m\x1b[K,\n'}
[21.735309] (rog_map) StderrLine: {'line': b'                 from \x1b[01m\x1b[K/home/rmadmin/Nav27/ObsMap/src/RogMap_2D/src/rog_map/rog_map.cpp:24\x1b[m\x1b[K:\n'}
[21.735414] (rog_map) StderrLine: {'line': b'/home/rmadmin/Nav27/ObsMap/src/RogMap_2D/include/fmt/core.h: In substitution of \xe2\x80\x98\x1b[01m\x1b[Ktemplate<class T, class Context> using fmt::v9::detail::mapped_type_constant = fmt::v9::detail::type_constant<decltype (fmt::v9::detail::arg_mapper<Context>().map(declval<const T&>())), typename Context::char_type> \x1b[35m\x1b[K[with T = super_utils::GridType; Context = fmt::v9::basic_format_context<fmt::v9::appender, char>]\x1b[m\x1b[K\x1b[m\x1b[K\xe2\x80\x99:\n'}
[21.735532] (rog_map) StderrLine: {'line': b'\x1b[01m\x1b[K/home/rmadmin/Nav27/ObsMap/src/RogMap_2D/include/fmt/core.h:1730:41:\x1b[m\x1b[K   recursively required from \xe2\x80\x98\x1b[01m\x1b[Kconstexpr long long unsigned int fmt::v9::detail::\x1b[01;32m\x1b[Kencode_types\x1b[m\x1b[K() \x1b[35m\x1b[K[with Context = fmt::v9::basic_format_context<fmt::v9::appender, char>; Arg = Eigen::Transpose<const Eigen::Matrix<double, 3, 1> >; Args = {super_utils::GridType, bool}]\x1b[m\x1b[K\x1b[m\x1b[K\xe2\x80\x99\n'}
[21.735646] (rog_map) StderrLine: {'line': b'\x1b[01m\x1b[K/home/rmadmin/Nav27/ObsMap/src/RogMap_2D/include/fmt/core.h:1730:41:\x1b[m\x1b[K   required from \xe2\x80\x98\x1b[01m\x1b[Kconstexpr long long unsigned int fmt::v9::detail::\x1b[01;32m\x1b[Kencode_types\x1b[m\x1b[K() \x1b[35m\x1b[K[with Context = fmt::v9::basic_format_context<fmt::v9::appender, char>; Arg = long unsigned int; Args = {Eigen::Transpose<const Eigen::Matrix<double, 3, 1, 0, 3, 1> >, super_utils::GridType, bool}]\x1b[m\x1b[K\x1b[m\x1b[K\xe2\x80\x99\n'}
[21.735807] (rog_map) StderrLine: {'line': b'\x1b[01m\x1b[K/home/rmadmin/Nav27/ObsMap/src/RogMap_2D/include/fmt/core.h:1886:58:\x1b[m\x1b[K   required from \xe2\x80\x98\x1b[01m\x1b[Kconstexpr const long long unsigned int fmt::v9::format_arg_store<fmt::v9::basic_format_context<fmt::v9::appender, char>, long unsigned int, Eigen::Transpose<const Eigen::Matrix<double, 3, 1, 0, 3, 1> >, super_utils::GridType, bool>::desc\x1b[m\x1b[K\xe2\x80\x99\n'}
[21.735925] (rog_map) StderrLine: {'line': b'\x1b[01m\x1b[K/home/rmadmin/Nav27/ObsMap/src/RogMap_2D/include/fmt/core.h:1999:63:\x1b[m\x1b[K   required from \xe2\x80\x98\x1b[01m\x1b[Kconstexpr fmt::v9::basic_format_args<Context>::\x1b[01;32m\x1b[Kbasic_format_args\x1b[m\x1b[K(const fmt::v9::format_arg_store<Context, Args ...>&) \x1b[35m\x1b[K[with Args = {long unsigned int, Eigen::Transpose<const Eigen::Matrix<double, 3, 1, 0, 3, 1> >, super_utils::GridType, bool}; Context = fmt::v9::basic_format_context<fmt::v9::appender, char>]\x1b[m\x1b[K\x1b[m\x1b[K\xe2\x80\x99\n'}
[21.736054] (rog_map) StderrLine: {'line': b'\x1b[01m\x1b[K/home/rmadmin/Nav27/ObsMap/src/RogMap_2D/include/fmt/color.h:510:9:\x1b[m\x1b[K   required from \xe2\x80\x98\x1b[01m\x1b[Kvoid fmt::v9::\x1b[01;32m\x1b[Kprint\x1b[m\x1b[K(FILE*, const text_style&, const S&, const Args& ...) \x1b[35m\x1b[K[with S = char [111]; Args = {long unsigned int, Eigen::Transpose<const Eigen::Matrix<double, 3, 1, 0, 3, 1> >, super_utils::GridType, bool}; typename std::enable_if<detail::is_string<S>::value, int>::type <anonymous> = 0; FILE = FILE]\x1b[m\x1b[K\x1b[m\x1b[K\xe2\x80\x99\n'}
[21.736166] (rog_map) StderrLine: {'line': b'\x1b[01m\x1b[K/home/rmadmin/Nav27/ObsMap/src/RogMap_2D/include/fmt/color.h:528:15:\x1b[m\x1b[K   required from \xe2\x80\x98\x1b[01m\x1b[Kvoid fmt::v9::\x1b[01;32m\x1b[Kprint\x1b[m\x1b[K(const text_style&, const S&, const Args& ...) \x1b[35m\x1b[K[with S = char [111]; Args = {long unsigned int, Eigen::Transpose<const Eigen::Matrix<double, 3, 1, 0, 3, 1> >, super_utils::GridType, bool}; typename std::enable_if<detail::is_string<S>::value, int>::type <anonymous> = 0]\x1b[m\x1b[K\x1b[m\x1b[K\xe2\x80\x99\n'}
[21.736268] (rog_map) StderrLine: {'line': b'\x1b[01m\x1b[K/home/rmadmin/Nav27/ObsMap/src/RogMap_2D/src/rog_map/rog_map.cpp:126:15:\x1b[m\x1b[K   required from here\n'}
[21.736367] (rog_map) StderrLine: {'line': b'\x1b[01m\x1b[K/home/rmadmin/Nav27/ObsMap/src/RogMap_2D/include/fmt/core.h:1530:53:\x1b[m\x1b[K \x1b[01;35m\x1b[Kwarning: \x1b[m\x1b[K\xe2\x80\x98\x1b[01m\x1b[Kconstexpr decltype (declval<fmt::v9::detail::arg_mapper<Context> >().map(static_cast<fmt::v9::underlying_t<T> >(val))) fmt::v9::detail::arg_mapper<Context>::\x1b[01;32m\x1b[Kmap\x1b[m\x1b[K(const T&) \x1b[35m\x1b[K[with T = super_utils::GridType; typename std::enable_if<((((std::is_enum<U>::value && std::is_convertible<T, int>::value) && (! fmt::v9::detail::has_format_as<T>::value)) && (! std::is_constructible<typename Context::formatter_type<T> >::value)) && (! fmt::v9::detail::has_fallback_formatter<T, typename Context::char_type>::value)), int>::type <anonymous> = 0; Context = fmt::v9::basic_format_context<fmt::v9::appender, char>; decltype (declval<fmt::v9::detail::arg_mapper<Context> >().map(static_cast<fmt::v9::underlying_t<T> >(val))) = unsigned int; fmt::v9::detail::arg_mapper<Context> = fmt::v9::detail::arg_mapper<fmt::v9::basic_format_context<fmt::v9::appender, char> >; fmt::v9::underlying_t<T> = unsigned int]\x1b[m\x1b[K\x1b[m\x1b[K\xe2\x80\x99 is deprecated [\x1b[01;35m\x1b[K\x1b]8;;https://gcc.gnu.org/onlinedocs/gcc/Warning-Options.html#index-Wdeprecated-declarations\x07-Wdeprecated-declarations\x1b]8;;\x07\x1b[m\x1b[K]\n'}
[21.736504] (rog_map) StderrLine: {'line': b' 1530 |     type_constant<decltype(\x1b[01;35m\x1b[Karg_mapper<Context>().map(std::declval<const T&>())\x1b[m\x1b[K),\n'}
[21.736610] (rog_map) StderrLine: {'line': b'      |                            \x1b[01;35m\x1b[K~~~~~~~~~~~~~~~~~~~~~~~~~^~~~~~~~~~~~~~~~~~~~~~~~~~\x1b[m\x1b[K\n'}
[21.736774] (rog_map) StderrLine: {'line': b'\x1b[01m\x1b[K/home/rmadmin/Nav27/ObsMap/src/RogMap_2D/include/fmt/core.h:1470:48:\x1b[m\x1b[K \x1b[01;36m\x1b[Knote: \x1b[m\x1b[Kdeclared here\n'}
[21.736912] (rog_map) StderrLine: {'line': b' 1470 |   FMT_DEPRECATED FMT_CONSTEXPR FMT_INLINE auto \x1b[01;36m\x1b[Kmap\x1b[m\x1b[K(const T& val)\n'}
[21.737018] (rog_map) StderrLine: {'line': b'      |                                                \x1b[01;36m\x1b[K^~~\x1b[m\x1b[K\n'}
[21.804875] (-) TimerEvent: {}
[21.905571] (-) TimerEvent: {}
[22.006446] (-) TimerEvent: {}
[22.107334] (-) TimerEvent: {}
[22.208056] (-) TimerEvent: {}
[22.308976] (-) TimerEvent: {}
[22.410098] (-) TimerEvent: {}
[22.510655] (-) TimerEvent: {}
[22.611516] (-) TimerEvent: {}
[22.712239] (-) TimerEvent: {}
[22.813174] (-) TimerEvent: {}
[22.913961] (-) TimerEvent: {}
[23.015132] (-) TimerEvent: {}
[23.116975] (-) TimerEvent: {}
[23.217994] (-) TimerEvent: {}
[23.318784] (-) TimerEvent: {}
[23.419754] (-) TimerEvent: {}
[23.521282] (-) TimerEvent: {}
[23.622128] (-) TimerEvent: {}
[23.723241] (-) TimerEvent: {}
[23.826272] (-) TimerEvent: {}
[23.927264] (-) TimerEvent: {}
[24.028261] (-) TimerEvent: {}
[24.131329] (-) TimerEvent: {}
[24.232158] (-) TimerEvent: {}
[24.333014] (-) TimerEvent: {}
[24.433840] (-) TimerEvent: {}
[24.534501] (-) TimerEvent: {}
[24.572839] (rog_map) StderrLine: {'line': b'In file included from \x1b[01m\x1b[K/home/rmadmin/Nav27/ObsMap/src/RogMap_2D/include/rog_map/rog_map_core/config.hpp:26\x1b[m\x1b[K,\n'}
[24.573398] (rog_map) StderrLine: {'line': b'                 from \x1b[01m\x1b[K/home/rmadmin/Nav27/ObsMap/src/RogMap_2D/include/rog_map/rog_map_core/sliding_map.h:26\x1b[m\x1b[K,\n'}
[24.573507] (rog_map) StderrLine: {'line': b'                 from \x1b[01m\x1b[K/home/rmadmin/Nav27/ObsMap/src/RogMap_2D/include/rog_map/rog_map_core/counter_map.h:27\x1b[m\x1b[K,\n'}
[24.573578] (rog_map) StderrLine: {'line': b'                 from \x1b[01m\x1b[K/home/rmadmin/Nav27/ObsMap/src/RogMap_2D/include/rog_map/inf_map.h:26\x1b[m\x1b[K,\n'}
[24.573644] (rog_map) StderrLine: {'line': b'                 from \x1b[01m\x1b[K/home/rmadmin/Nav27/ObsMap/src/RogMap_2D/src/rog_map/inf_map.cpp:24\x1b[m\x1b[K:\n'}
[24.573717] (rog_map) StderrLine: {'line': b'\x1b[01m\x1b[K/home/rmadmin/Nav27/ObsMap/src/RogMap_2D/include/rog_map/rog_map_core/common_lib.hpp:120:17:\x1b[m\x1b[K \x1b[01;35m\x1b[Kwarning: \x1b[m\x1b[K\xe2\x80\x98\x1b[01m\x1b[Kbool rog_map::\x1b[01;32m\x1b[KlineIntersectBox\x1b[m\x1b[K(super_utils::Vec3f, super_utils::Vec3f, super_utils::Vec3f, super_utils::Vec3f, super_utils::Vec3f&)\x1b[m\x1b[K\xe2\x80\x99 defined but not used [\x1b[01;35m\x1b[K\x1b]8;;https://gcc.gnu.org/onlinedocs/gcc/Warning-Options.html#index-Wunused-function\x07-Wunused-function\x1b]8;;\x07\x1b[m\x1b[K]\n'}
[24.573811] (rog_map) StderrLine: {'line': b'  120 |     static bool \x1b[01;35m\x1b[KlineIntersectBox\x1b[m\x1b[K(super_utils::Vec3f L1, super_utils::Vec3f L2, super_utils::Vec3f B1,\n'}
[24.573927] (rog_map) StderrLine: {'line': b'      |                 \x1b[01;35m\x1b[K^~~~~~~~~~~~~~~~\x1b[m\x1b[K\n'}
[24.573996] (rog_map) StderrLine: {'line': b'\x1b[01m\x1b[K/home/rmadmin/Nav27/ObsMap/src/RogMap_2D/include/rog_map/rog_map_core/common_lib.hpp:76:31:\x1b[m\x1b[K \x1b[01;35m\x1b[Kwarning: \x1b[m\x1b[K\xe2\x80\x98\x1b[01m\x1b[Ksuper_utils::Vec3f rog_map::\x1b[01;32m\x1b[KlineBoxIntersectPoint\x1b[m\x1b[K(const super_utils::Vec3f&, const super_utils::Vec3f&, const super_utils::Vec3f&, const super_utils::Vec3f&)\x1b[m\x1b[K\xe2\x80\x99 defined but not used [\x1b[01;35m\x1b[K\x1b]8;;https://gcc.gnu.org/onlinedocs/gcc/Warning-Options.html#index-Wunused-function\x07-Wunused-function\x1b]8;;\x07\x1b[m\x1b[K]\n'}
[24.574812] (rog_map) StderrLine: {'line': b'   76 |     static super_utils::Vec3f \x1b[01;35m\x1b[KlineBoxIntersectPoint\x1b[m\x1b[K(const super_utils::Vec3f& pt, const super_utils::Vec3f& pos,\n'}
[24.575896] (rog_map) StderrLine: {'line': b'      |                               \x1b[01;35m\x1b[K^~~~~~~~~~~~~~~~~~~~~\x1b[m\x1b[K\n'}
[24.576123] (rog_map) StderrLine: {'line': b'\x1b[01m\x1b[K/home/rmadmin/Nav27/ObsMap/src/RogMap_2D/include/rog_map/rog_map_core/common_lib.hpp:65:19:\x1b[m\x1b[K \x1b[01;35m\x1b[Kwarning: \x1b[m\x1b[K\xe2\x80\x98\x1b[01m\x1b[Kdouble rog_map::\x1b[01;32m\x1b[KcomputePathLength\x1b[m\x1b[K(super_utils::vec_E<Eigen::Matrix<double, 3, 1> >&)\x1b[m\x1b[K\xe2\x80\x99 defined but not used [\x1b[01;35m\x1b[K\x1b]8;;https://gcc.gnu.org/onlinedocs/gcc/Warning-Options.html#index-Wunused-function\x07-Wunused-function\x1b]8;;\x07\x1b[m\x1b[K]\n'}
[24.576232] (rog_map) StderrLine: {'line': b'   65 |     static double \x1b[01;35m\x1b[KcomputePathLength\x1b[m\x1b[K(const super_utils::vec_E<super_utils::Vec3f>& path) {\n'}
[24.576332] (rog_map) StderrLine: {'line': b'      |                   \x1b[01;35m\x1b[K^~~~~~~~~~~~~~~~~\x1b[m\x1b[K\n'}
[24.634726] (-) TimerEvent: {}
[24.702134] (rog_map) StderrLine: {'line': b'/home/rmadmin/Nav27/ObsMap/src/RogMap_2D/include/fmt/core.h: In instantiation of \xe2\x80\x98\x1b[01m\x1b[Kconstexpr fmt::v9::detail::value<Context> fmt::v9::detail::\x1b[01;32m\x1b[Kmake_value\x1b[m\x1b[K(T&&) \x1b[35m\x1b[K[with Context = fmt::v9::basic_format_context<fmt::v9::appender, char>; T = const super_utils::GridType&]\x1b[m\x1b[K\x1b[m\x1b[K\xe2\x80\x99:\n'}
[24.702946] (rog_map) StderrLine: {'line': b'\x1b[01m\x1b[K/home/rmadmin/Nav27/ObsMap/src/RogMap_2D/include/fmt/core.h:1777:29:\x1b[m\x1b[K   required from \xe2\x80\x98\x1b[01m\x1b[Kconstexpr fmt::v9::detail::value<Context> fmt::v9::detail::\x1b[01;32m\x1b[Kmake_arg\x1b[m\x1b[K(T&&) \x1b[35m\x1b[K[with bool IS_PACKED = true; Context = fmt::v9::basic_format_context<fmt::v9::appender, char>; type <anonymous> = fmt::v9::detail::type::uint_type; T = const super_utils::GridType&; typename std::enable_if<IS_PACKED, int>::type <anonymous> = 0]\x1b[m\x1b[K\x1b[m\x1b[K\xe2\x80\x99\n'}
[24.703231] (rog_map) StderrLine: {'line': b'\x1b[01m\x1b[K/home/rmadmin/Nav27/ObsMap/src/RogMap_2D/include/fmt/core.h:1901:77:\x1b[m\x1b[K   required from \xe2\x80\x98\x1b[01m\x1b[Kconstexpr fmt::v9::format_arg_store<Context, Args>::\x1b[01;32m\x1b[Kformat_arg_store\x1b[m\x1b[K(T&& ...) \x1b[35m\x1b[K[with T = {const long unsigned int&, const Eigen::Transpose<const Eigen::Matrix<double, 3, 1, 0, 3, 1> >&, const super_utils::GridType&, const bool&}; Context = fmt::v9::basic_format_context<fmt::v9::appender, char>; Args = {long unsigned int, Eigen::Transpose<const Eigen::Matrix<double, 3, 1, 0, 3, 1> >, super_utils::GridType, bool}]\x1b[m\x1b[K\x1b[m\x1b[K\xe2\x80\x99\n'}
[24.703365] (rog_map) StderrLine: {'line': b'\x1b[01m\x1b[K/home/rmadmin/Nav27/ObsMap/src/RogMap_2D/include/fmt/core.h:1918:31:\x1b[m\x1b[K   required from \xe2\x80\x98\x1b[01m\x1b[Kconstexpr fmt::v9::format_arg_store<Context, typename std::remove_cv<typename std::remove_reference<Args>::type>::type ...> fmt::v9::\x1b[01;32m\x1b[Kmake_format_args\x1b[m\x1b[K(Args&& ...) \x1b[35m\x1b[K[with Context = basic_format_context<appender, char>; Args = {const long unsigned int&, const Eigen::Transpose<const Eigen::Matrix<double, 3, 1, 0, 3, 1> >&, const super_utils::GridType&, const bool&}]\x1b[m\x1b[K\x1b[m\x1b[K\xe2\x80\x99\n'}
[24.703502] (rog_map) StderrLine: {'line': b'\x1b[01m\x1b[K/home/rmadmin/Nav27/ObsMap/src/RogMap_2D/include/fmt/color.h:511:58:\x1b[m\x1b[K   required from \xe2\x80\x98\x1b[01m\x1b[Kvoid fmt::v9::\x1b[01;32m\x1b[Kprint\x1b[m\x1b[K(FILE*, const text_style&, const S&, const Args& ...) \x1b[35m\x1b[K[with S = char [111]; Args = {long unsigned int, Eigen::Transpose<const Eigen::Matrix<double, 3, 1, 0, 3, 1> >, super_utils::GridType, bool}; typename std::enable_if<detail::is_string<S>::value, int>::type <anonymous> = 0; FILE = FILE]\x1b[m\x1b[K\x1b[m\x1b[K\xe2\x80\x99\n'}
[24.703755] (rog_map) StderrLine: {'line': b'\x1b[01m\x1b[K/home/rmadmin/Nav27/ObsMap/src/RogMap_2D/include/fmt/color.h:528:15:\x1b[m\x1b[K   required from \xe2\x80\x98\x1b[01m\x1b[Kvoid fmt::v9::\x1b[01;32m\x1b[Kprint\x1b[m\x1b[K(const text_style&, const S&, const Args& ...) \x1b[35m\x1b[K[with S = char [111]; Args = {long unsigned int, Eigen::Transpose<const Eigen::Matrix<double, 3, 1, 0, 3, 1> >, super_utils::GridType, bool}; typename std::enable_if<detail::is_string<S>::value, int>::type <anonymous> = 0]\x1b[m\x1b[K\x1b[m\x1b[K\xe2\x80\x99\n'}
[24.704155] (rog_map) StderrLine: {'line': b'\x1b[01m\x1b[K/home/rmadmin/Nav27/ObsMap/src/RogMap_2D/src/rog_map/rog_map.cpp:126:15:\x1b[m\x1b[K   required from here\n'}
[24.704382] (rog_map) StderrLine: {'line': b'\x1b[01m\x1b[K/home/rmadmin/Nav27/ObsMap/src/RogMap_2D/include/fmt/core.h:1735:46:\x1b[m\x1b[K \x1b[01;35m\x1b[Kwarning: \x1b[m\x1b[K\xe2\x80\x98\x1b[01m\x1b[Kconstexpr decltype (declval<fmt::v9::detail::arg_mapper<Context> >().map(static_cast<fmt::v9::underlying_t<T> >(val))) fmt::v9::detail::arg_mapper<Context>::\x1b[01;32m\x1b[Kmap\x1b[m\x1b[K(const T&) \x1b[35m\x1b[K[with T = super_utils::GridType; typename std::enable_if<((((std::is_enum<U>::value && std::is_convertible<T, int>::value) && (! fmt::v9::detail::has_format_as<T>::value)) && (! std::is_constructible<typename Context::formatter_type<T> >::value)) && (! fmt::v9::detail::has_fallback_formatter<T, typename Context::char_type>::value)), int>::type <anonymous> = 0; Context = fmt::v9::basic_format_context<fmt::v9::appender, char>; decltype (declval<fmt::v9::detail::arg_mapper<Context> >().map(static_cast<fmt::v9::underlying_t<T> >(val))) = unsigned int; fmt::v9::detail::arg_mapper<Context> = fmt::v9::detail::arg_mapper<fmt::v9::basic_format_context<fmt::v9::appender, char> >; fmt::v9::underlying_t<T> = unsigned int]\x1b[m\x1b[K\x1b[m\x1b[K\xe2\x80\x99 is deprecated [\x1b[01;35m\x1b[K\x1b]8;;https://gcc.gnu.org/onlinedocs/gcc/Warning-Options.html#index-Wdeprecated-declarations\x07-Wdeprecated-declarations\x1b]8;;\x07\x1b[m\x1b[K]\n'}
[24.704577] (rog_map) StderrLine: {'line': b' 1735 |   const auto& arg = \x1b[01;35m\x1b[Karg_mapper<Context>().map(FMT_FORWARD(val))\x1b[m\x1b[K;\n'}
[24.704774] (rog_map) StderrLine: {'line': b'      |                     \x1b[01;35m\x1b[K~~~~~~~~~~~~~~~~~~~~~~~~~^~~~~~~~~~~~~~~~~~\x1b[m\x1b[K\n'}
[24.704914] (rog_map) StderrLine: {'line': b'\x1b[01m\x1b[K/home/rmadmin/Nav27/ObsMap/src/RogMap_2D/include/fmt/core.h:1470:48:\x1b[m\x1b[K \x1b[01;36m\x1b[Knote: \x1b[m\x1b[Kdeclared here\n'}
[24.705025] (rog_map) StderrLine: {'line': b' 1470 |   FMT_DEPRECATED FMT_CONSTEXPR FMT_INLINE auto \x1b[01;36m\x1b[Kmap\x1b[m\x1b[K(const T& val)\n'}
[24.705140] (rog_map) StderrLine: {'line': b'      |                                                \x1b[01;36m\x1b[K^~~\x1b[m\x1b[K\n'}
[24.734958] (-) TimerEvent: {}
[24.836045] (-) TimerEvent: {}
[24.936755] (-) TimerEvent: {}
[24.987279] (rog_map) StderrLine: {'line': b'In file included from \x1b[01m\x1b[K/home/rmadmin/Nav27/ObsMap/src/RogMap_2D/include/rog_map/rog_map_core/config.hpp:26\x1b[m\x1b[K,\n'}
[24.987897] (rog_map) StderrLine: {'line': b'                 from \x1b[01m\x1b[K/home/rmadmin/Nav27/ObsMap/src/RogMap_2D/include/rog_map/rog_map_core/sliding_map.h:26\x1b[m\x1b[K,\n'}
[24.988021] (rog_map) StderrLine: {'line': b'                 from \x1b[01m\x1b[K/home/rmadmin/Nav27/ObsMap/src/RogMap_2D/include/rog_map/rog_map_core/counter_map.h:27\x1b[m\x1b[K,\n'}
[24.988101] (rog_map) StderrLine: {'line': b'                 from \x1b[01m\x1b[K/home/rmadmin/Nav27/ObsMap/src/RogMap_2D/src/rog_map/counter_map.cpp:24\x1b[m\x1b[K:\n'}
[24.988179] (rog_map) StderrLine: {'line': b'\x1b[01m\x1b[K/home/rmadmin/Nav27/ObsMap/src/RogMap_2D/include/rog_map/rog_map_core/common_lib.hpp:120:17:\x1b[m\x1b[K \x1b[01;35m\x1b[Kwarning: \x1b[m\x1b[K\xe2\x80\x98\x1b[01m\x1b[Kbool rog_map::\x1b[01;32m\x1b[KlineIntersectBox\x1b[m\x1b[K(super_utils::Vec3f, super_utils::Vec3f, super_utils::Vec3f, super_utils::Vec3f, super_utils::Vec3f&)\x1b[m\x1b[K\xe2\x80\x99 defined but not used [\x1b[01;35m\x1b[K\x1b]8;;https://gcc.gnu.org/onlinedocs/gcc/Warning-Options.html#index-Wunused-function\x07-Wunused-function\x1b]8;;\x07\x1b[m\x1b[K]\n'}
[24.988267] (rog_map) StderrLine: {'line': b'  120 |     static bool \x1b[01;35m\x1b[KlineIntersectBox\x1b[m\x1b[K(super_utils::Vec3f L1, super_utils::Vec3f L2, super_utils::Vec3f B1,\n'}
[24.988389] (rog_map) StderrLine: {'line': b'      |                 \x1b[01;35m\x1b[K^~~~~~~~~~~~~~~~\x1b[m\x1b[K\n'}
[24.988753] (rog_map) StderrLine: {'line': b'\x1b[01m\x1b[K/home/rmadmin/Nav27/ObsMap/src/RogMap_2D/include/rog_map/rog_map_core/common_lib.hpp:76:31:\x1b[m\x1b[K \x1b[01;35m\x1b[Kwarning: \x1b[m\x1b[K\xe2\x80\x98\x1b[01m\x1b[Ksuper_utils::Vec3f rog_map::\x1b[01;32m\x1b[KlineBoxIntersectPoint\x1b[m\x1b[K(const super_utils::Vec3f&, const super_utils::Vec3f&, const super_utils::Vec3f&, const super_utils::Vec3f&)\x1b[m\x1b[K\xe2\x80\x99 defined but not used [\x1b[01;35m\x1b[K\x1b]8;;https://gcc.gnu.org/onlinedocs/gcc/Warning-Options.html#index-Wunused-function\x07-Wunused-function\x1b]8;;\x07\x1b[m\x1b[K]\n'}
[24.988917] (rog_map) StderrLine: {'line': b'   76 |     static super_utils::Vec3f \x1b[01;35m\x1b[KlineBoxIntersectPoint\x1b[m\x1b[K(const super_utils::Vec3f& pt, const super_utils::Vec3f& pos,\n'}
[24.988995] (rog_map) StderrLine: {'line': b'      |                               \x1b[01;35m\x1b[K^~~~~~~~~~~~~~~~~~~~~\x1b[m\x1b[K\n'}
[24.989070] (rog_map) StderrLine: {'line': b'\x1b[01m\x1b[K/home/rmadmin/Nav27/ObsMap/src/RogMap_2D/include/rog_map/rog_map_core/common_lib.hpp:65:19:\x1b[m\x1b[K \x1b[01;35m\x1b[Kwarning: \x1b[m\x1b[K\xe2\x80\x98\x1b[01m\x1b[Kdouble rog_map::\x1b[01;32m\x1b[KcomputePathLength\x1b[m\x1b[K(super_utils::vec_E<Eigen::Matrix<double, 3, 1> >&)\x1b[m\x1b[K\xe2\x80\x99 defined but not used [\x1b[01;35m\x1b[K\x1b]8;;https://gcc.gnu.org/onlinedocs/gcc/Warning-Options.html#index-Wunused-function\x07-Wunused-function\x1b]8;;\x07\x1b[m\x1b[K]\n'}
[24.989180] (rog_map) StderrLine: {'line': b'   65 |     static double \x1b[01;35m\x1b[KcomputePathLength\x1b[m\x1b[K(const super_utils::vec_E<super_utils::Vec3f>& path) {\n'}
[24.989256] (rog_map) StderrLine: {'line': b'      |                   \x1b[01;35m\x1b[K^~~~~~~~~~~~~~~~~\x1b[m\x1b[K\n'}
[25.038025] (-) TimerEvent: {}
[25.138790] (-) TimerEvent: {}
[25.239475] (-) TimerEvent: {}
[25.340271] (-) TimerEvent: {}
[25.445925] (-) TimerEvent: {}
[25.546594] (-) TimerEvent: {}
[25.648869] (-) TimerEvent: {}
[25.749935] (-) TimerEvent: {}
[25.850825] (-) TimerEvent: {}
[25.951689] (-) TimerEvent: {}
[25.982415] (rog_map) StderrLine: {'line': b'In file included from \x1b[01m\x1b[K/home/rmadmin/Nav27/ObsMap/src/RogMap_2D/include/rog_map/rog_map_core/config.hpp:26\x1b[m\x1b[K,\n'}
[25.982832] (rog_map) StderrLine: {'line': b'                 from \x1b[01m\x1b[K/home/rmadmin/Nav27/ObsMap/src/RogMap_2D/include/rog_map/rog_map_core/sliding_map.h:26\x1b[m\x1b[K,\n'}
[25.983017] (rog_map) StderrLine: {'line': b'                 from \x1b[01m\x1b[K/home/rmadmin/Nav27/ObsMap/src/RogMap_2D/include/rog_map/rog_map_core/counter_map.h:27\x1b[m\x1b[K,\n'}
[25.983101] (rog_map) StderrLine: {'line': b'                 from \x1b[01m\x1b[K/home/rmadmin/Nav27/ObsMap/src/RogMap_2D/include/rog_map/esdf_map.h:26\x1b[m\x1b[K,\n'}
[25.983184] (rog_map) StderrLine: {'line': b'                 from \x1b[01m\x1b[K/home/rmadmin/Nav27/ObsMap/src/RogMap_2D/src/rog_map/esdf_map.cpp:24\x1b[m\x1b[K:\n'}
[25.983261] (rog_map) StderrLine: {'line': b'\x1b[01m\x1b[K/home/rmadmin/Nav27/ObsMap/src/RogMap_2D/include/rog_map/rog_map_core/common_lib.hpp:120:17:\x1b[m\x1b[K \x1b[01;35m\x1b[Kwarning: \x1b[m\x1b[K\xe2\x80\x98\x1b[01m\x1b[Kbool rog_map::\x1b[01;32m\x1b[KlineIntersectBox\x1b[m\x1b[K(super_utils::Vec3f, super_utils::Vec3f, super_utils::Vec3f, super_utils::Vec3f, super_utils::Vec3f&)\x1b[m\x1b[K\xe2\x80\x99 defined but not used [\x1b[01;35m\x1b[K\x1b]8;;https://gcc.gnu.org/onlinedocs/gcc/Warning-Options.html#index-Wunused-function\x07-Wunused-function\x1b]8;;\x07\x1b[m\x1b[K]\n'}
[25.983353] (rog_map) StderrLine: {'line': b'  120 |     static bool \x1b[01;35m\x1b[KlineIntersectBox\x1b[m\x1b[K(super_utils::Vec3f L1, super_utils::Vec3f L2, super_utils::Vec3f B1,\n'}
[25.983431] (rog_map) StderrLine: {'line': b'      |                 \x1b[01;35m\x1b[K^~~~~~~~~~~~~~~~\x1b[m\x1b[K\n'}
[25.983509] (rog_map) StderrLine: {'line': b'\x1b[01m\x1b[K/home/rmadmin/Nav27/ObsMap/src/RogMap_2D/include/rog_map/rog_map_core/common_lib.hpp:76:31:\x1b[m\x1b[K \x1b[01;35m\x1b[Kwarning: \x1b[m\x1b[K\xe2\x80\x98\x1b[01m\x1b[Ksuper_utils::Vec3f rog_map::\x1b[01;32m\x1b[KlineBoxIntersectPoint\x1b[m\x1b[K(const super_utils::Vec3f&, const super_utils::Vec3f&, const super_utils::Vec3f&, const super_utils::Vec3f&)\x1b[m\x1b[K\xe2\x80\x99 defined but not used [\x1b[01;35m\x1b[K\x1b]8;;https://gcc.gnu.org/onlinedocs/gcc/Warning-Options.html#index-Wunused-function\x07-Wunused-function\x1b]8;;\x07\x1b[m\x1b[K]\n'}
[25.983675] (rog_map) StderrLine: {'line': b'   76 |     static super_utils::Vec3f \x1b[01;35m\x1b[KlineBoxIntersectPoint\x1b[m\x1b[K(const super_utils::Vec3f& pt, const super_utils::Vec3f& pos,\n'}
[25.983773] (rog_map) StderrLine: {'line': b'      |                               \x1b[01;35m\x1b[K^~~~~~~~~~~~~~~~~~~~~\x1b[m\x1b[K\n'}
[25.983842] (rog_map) StderrLine: {'line': b'\x1b[01m\x1b[K/home/rmadmin/Nav27/ObsMap/src/RogMap_2D/include/rog_map/rog_map_core/common_lib.hpp:65:19:\x1b[m\x1b[K \x1b[01;35m\x1b[Kwarning: \x1b[m\x1b[K\xe2\x80\x98\x1b[01m\x1b[Kdouble rog_map::\x1b[01;32m\x1b[KcomputePathLength\x1b[m\x1b[K(super_utils::vec_E<Eigen::Matrix<double, 3, 1> >&)\x1b[m\x1b[K\xe2\x80\x99 defined but not used [\x1b[01;35m\x1b[K\x1b]8;;https://gcc.gnu.org/onlinedocs/gcc/Warning-Options.html#index-Wunused-function\x07-Wunused-function\x1b]8;;\x07\x1b[m\x1b[K]\n'}
[25.983929] (rog_map) StderrLine: {'line': b'   65 |     static double \x1b[01;35m\x1b[KcomputePathLength\x1b[m\x1b[K(const super_utils::vec_E<super_utils::Vec3f>& path) {\n'}
[25.984032] (rog_map) StderrLine: {'line': b'      |                   \x1b[01;35m\x1b[K^~~~~~~~~~~~~~~~~\x1b[m\x1b[K\n'}
[26.051940] (-) TimerEvent: {}
[26.136992] (rog_map) StderrLine: {'line': b'In file included from \x1b[01m\x1b[K/home/rmadmin/Nav27/ObsMap/src/RogMap_2D/include/rog_map/rog_map_core/config.hpp:26\x1b[m\x1b[K,\n'}
[26.137251] (rog_map) StderrLine: {'line': b'                 from \x1b[01m\x1b[K/home/rmadmin/Nav27/ObsMap/src/RogMap_2D/include/rog_map/rog_map_core/sliding_map.h:26\x1b[m\x1b[K,\n'}
[26.137295] (rog_map) StderrLine: {'line': b'                 from \x1b[01m\x1b[K/home/rmadmin/Nav27/ObsMap/src/RogMap_2D/src/rog_map/sliding_map.cpp:24\x1b[m\x1b[K:\n'}
[26.137333] (rog_map) StderrLine: {'line': b'\x1b[01m\x1b[K/home/rmadmin/Nav27/ObsMap/src/RogMap_2D/include/rog_map/rog_map_core/common_lib.hpp:120:17:\x1b[m\x1b[K \x1b[01;35m\x1b[Kwarning: \x1b[m\x1b[K\xe2\x80\x98\x1b[01m\x1b[Kbool rog_map::\x1b[01;32m\x1b[KlineIntersectBox\x1b[m\x1b[K(super_utils::Vec3f, super_utils::Vec3f, super_utils::Vec3f, super_utils::Vec3f, super_utils::Vec3f&)\x1b[m\x1b[K\xe2\x80\x99 defined but not used [\x1b[01;35m\x1b[K\x1b]8;;https://gcc.gnu.org/onlinedocs/gcc/Warning-Options.html#index-Wunused-function\x07-Wunused-function\x1b]8;;\x07\x1b[m\x1b[K]\n'}
[26.137376] (rog_map) StderrLine: {'line': b'  120 |     static bool \x1b[01;35m\x1b[KlineIntersectBox\x1b[m\x1b[K(super_utils::Vec3f L1, super_utils::Vec3f L2, super_utils::Vec3f B1,\n'}
[26.137416] (rog_map) StderrLine: {'line': b'      |                 \x1b[01;35m\x1b[K^~~~~~~~~~~~~~~~\x1b[m\x1b[K\n'}
[26.137450] (rog_map) StderrLine: {'line': b'\x1b[01m\x1b[K/home/rmadmin/Nav27/ObsMap/src/RogMap_2D/include/rog_map/rog_map_core/common_lib.hpp:76:31:\x1b[m\x1b[K \x1b[01;35m\x1b[Kwarning: \x1b[m\x1b[K\xe2\x80\x98\x1b[01m\x1b[Ksuper_utils::Vec3f rog_map::\x1b[01;32m\x1b[KlineBoxIntersectPoint\x1b[m\x1b[K(const super_utils::Vec3f&, const super_utils::Vec3f&, const super_utils::Vec3f&, const super_utils::Vec3f&)\x1b[m\x1b[K\xe2\x80\x99 defined but not used [\x1b[01;35m\x1b[K\x1b]8;;https://gcc.gnu.org/onlinedocs/gcc/Warning-Options.html#index-Wunused-function\x07-Wunused-function\x1b]8;;\x07\x1b[m\x1b[K]\n'}
[26.137505] (rog_map) StderrLine: {'line': b'   76 |     static super_utils::Vec3f \x1b[01;35m\x1b[KlineBoxIntersectPoint\x1b[m\x1b[K(const super_utils::Vec3f& pt, const super_utils::Vec3f& pos,\n'}
[26.137541] (rog_map) StderrLine: {'line': b'      |                               \x1b[01;35m\x1b[K^~~~~~~~~~~~~~~~~~~~~\x1b[m\x1b[K\n'}
[26.137582] (rog_map) StderrLine: {'line': b'\x1b[01m\x1b[K/home/rmadmin/Nav27/ObsMap/src/RogMap_2D/include/rog_map/rog_map_core/common_lib.hpp:65:19:\x1b[m\x1b[K \x1b[01;35m\x1b[Kwarning: \x1b[m\x1b[K\xe2\x80\x98\x1b[01m\x1b[Kdouble rog_map::\x1b[01;32m\x1b[KcomputePathLength\x1b[m\x1b[K(super_utils::vec_E<Eigen::Matrix<double, 3, 1> >&)\x1b[m\x1b[K\xe2\x80\x99 defined but not used [\x1b[01;35m\x1b[K\x1b]8;;https://gcc.gnu.org/onlinedocs/gcc/Warning-Options.html#index-Wunused-function\x07-Wunused-function\x1b]8;;\x07\x1b[m\x1b[K]\n'}
[26.137625] (rog_map) StderrLine: {'line': b'   65 |     static double \x1b[01;35m\x1b[KcomputePathLength\x1b[m\x1b[K(const super_utils::vec_E<super_utils::Vec3f>& path) {\n'}
[26.137667] (rog_map) StderrLine: {'line': b'      |                   \x1b[01;35m\x1b[K^~~~~~~~~~~~~~~~~\x1b[m\x1b[K\n'}
[26.152171] (-) TimerEvent: {}
[26.253061] (-) TimerEvent: {}
[26.354085] (-) TimerEvent: {}
[26.455686] (-) TimerEvent: {}
[26.477398] (rog_map) StderrLine: {'line': b'\x1b[01m\x1b[K/home/rmadmin/Nav27/ObsMap/src/RogMap_2D/include/rog_map/rog_map_core/common_lib.hpp:\x1b[m\x1b[K At global scope:\n'}
[26.477867] (rog_map) StderrLine: {'line': b'\x1b[01m\x1b[K/home/rmadmin/Nav27/ObsMap/src/RogMap_2D/include/rog_map/rog_map_core/common_lib.hpp:120:17:\x1b[m\x1b[K \x1b[01;35m\x1b[Kwarning: \x1b[m\x1b[K\xe2\x80\x98\x1b[01m\x1b[Kbool rog_map::\x1b[01;32m\x1b[KlineIntersectBox\x1b[m\x1b[K(super_utils::Vec3f, super_utils::Vec3f, super_utils::Vec3f, super_utils::Vec3f, super_utils::Vec3f&)\x1b[m\x1b[K\xe2\x80\x99 defined but not used [\x1b[01;35m\x1b[K\x1b]8;;https://gcc.gnu.org/onlinedocs/gcc/Warning-Options.html#index-Wunused-function\x07-Wunused-function\x1b]8;;\x07\x1b[m\x1b[K]\n'}
[26.478010] (rog_map) StderrLine: {'line': b'  120 |     static bool \x1b[01;35m\x1b[KlineIntersectBox\x1b[m\x1b[K(super_utils::Vec3f L1, super_utils::Vec3f L2, super_utils::Vec3f B1,\n'}
[26.478077] (rog_map) StderrLine: {'line': b'      |                 \x1b[01;35m\x1b[K^~~~~~~~~~~~~~~~\x1b[m\x1b[K\n'}
[26.478145] (rog_map) StderrLine: {'line': b'\x1b[01m\x1b[K/home/rmadmin/Nav27/ObsMap/src/RogMap_2D/include/rog_map/rog_map_core/common_lib.hpp:76:31:\x1b[m\x1b[K \x1b[01;35m\x1b[Kwarning: \x1b[m\x1b[K\xe2\x80\x98\x1b[01m\x1b[Ksuper_utils::Vec3f rog_map::\x1b[01;32m\x1b[KlineBoxIntersectPoint\x1b[m\x1b[K(const super_utils::Vec3f&, const super_utils::Vec3f&, const super_utils::Vec3f&, const super_utils::Vec3f&)\x1b[m\x1b[K\xe2\x80\x99 defined but not used [\x1b[01;35m\x1b[K\x1b]8;;https://gcc.gnu.org/onlinedocs/gcc/Warning-Options.html#index-Wunused-function\x07-Wunused-function\x1b]8;;\x07\x1b[m\x1b[K]\n'}
[26.478212] (rog_map) StderrLine: {'line': b'   76 |     static super_utils::Vec3f \x1b[01;35m\x1b[KlineBoxIntersectPoint\x1b[m\x1b[K(const super_utils::Vec3f& pt, const super_utils::Vec3f& pos,\n'}
[26.478272] (rog_map) StderrLine: {'line': b'      |                               \x1b[01;35m\x1b[K^~~~~~~~~~~~~~~~~~~~~\x1b[m\x1b[K\n'}
[26.478329] (rog_map) StderrLine: {'line': b'\x1b[01m\x1b[K/home/rmadmin/Nav27/ObsMap/src/RogMap_2D/include/rog_map/rog_map_core/common_lib.hpp:65:19:\x1b[m\x1b[K \x1b[01;35m\x1b[Kwarning: \x1b[m\x1b[K\xe2\x80\x98\x1b[01m\x1b[Kdouble rog_map::\x1b[01;32m\x1b[KcomputePathLength\x1b[m\x1b[K(super_utils::vec_E<Eigen::Matrix<double, 3, 1> >&)\x1b[m\x1b[K\xe2\x80\x99 defined but not used [\x1b[01;35m\x1b[K\x1b]8;;https://gcc.gnu.org/onlinedocs/gcc/Warning-Options.html#index-Wunused-function\x07-Wunused-function\x1b]8;;\x07\x1b[m\x1b[K]\n'}
[26.478500] (rog_map) StderrLine: {'line': b'   65 |     static double \x1b[01;35m\x1b[KcomputePathLength\x1b[m\x1b[K(const super_utils::vec_E<super_utils::Vec3f>& path) {\n'}
[26.478594] (rog_map) StderrLine: {'line': b'      |                   \x1b[01;35m\x1b[K^~~~~~~~~~~~~~~~~\x1b[m\x1b[K\n'}
[26.555912] (-) TimerEvent: {}
[26.656946] (-) TimerEvent: {}
[26.712939] (rog_map) StderrLine: {'line': b'\x1b[01m\x1b[Kcc1plus:\x1b[m\x1b[K \x1b[01;36m\x1b[Knote: \x1b[m\x1b[Kunrecognized command-line option \xe2\x80\x98\x1b[01m\x1b[K-Wno-dev\x1b[m\x1b[K\xe2\x80\x99 may have been intended to silence earlier diagnostics\n'}
[26.757150] (-) TimerEvent: {}
[26.858028] (-) TimerEvent: {}
[26.867784] (rog_map) StderrLine: {'line': b'In file included from \x1b[01m\x1b[K/home/rmadmin/Nav27/ObsMap/src/RogMap_2D/include/rog_map/rog_map_core/config.hpp:26\x1b[m\x1b[K,\n'}
[26.868385] (rog_map) StderrLine: {'line': b'                 from \x1b[01m\x1b[K/home/rmadmin/Nav27/ObsMap/src/RogMap_2D/include/rog_map/rog_map_core/sliding_map.h:26\x1b[m\x1b[K,\n'}
[26.868519] (rog_map) StderrLine: {'line': b'                 from \x1b[01m\x1b[K/home/rmadmin/Nav27/ObsMap/src/RogMap_2D/include/rog_map/rog_map_core/counter_map.h:27\x1b[m\x1b[K,\n'}
[26.868582] (rog_map) StderrLine: {'line': b'                 from \x1b[01m\x1b[K/home/rmadmin/Nav27/ObsMap/src/RogMap_2D/include/rog_map/inf_map.h:26\x1b[m\x1b[K,\n'}
[26.868655] (rog_map) StderrLine: {'line': b'                 from \x1b[01m\x1b[K/home/rmadmin/Nav27/ObsMap/src/RogMap_2D/include/rog_map/prob_map.h:28\x1b[m\x1b[K,\n'}
[26.868744] (rog_map) StderrLine: {'line': b'                 from \x1b[01m\x1b[K/home/rmadmin/Nav27/ObsMap/src/RogMap_2D/src/rog_map/prob_map.cpp:24\x1b[m\x1b[K:\n'}
[26.868811] (rog_map) StderrLine: {'line': b'\x1b[01m\x1b[K/home/rmadmin/Nav27/ObsMap/src/RogMap_2D/include/rog_map/rog_map_core/common_lib.hpp:120:17:\x1b[m\x1b[K \x1b[01;35m\x1b[Kwarning: \x1b[m\x1b[K\xe2\x80\x98\x1b[01m\x1b[Kbool rog_map::\x1b[01;32m\x1b[KlineIntersectBox\x1b[m\x1b[K(super_utils::Vec3f, super_utils::Vec3f, super_utils::Vec3f, super_utils::Vec3f, super_utils::Vec3f&)\x1b[m\x1b[K\xe2\x80\x99 defined but not used [\x1b[01;35m\x1b[K\x1b]8;;https://gcc.gnu.org/onlinedocs/gcc/Warning-Options.html#index-Wunused-function\x07-Wunused-function\x1b]8;;\x07\x1b[m\x1b[K]\n'}
[26.868937] (rog_map) StderrLine: {'line': b'  120 |     static bool \x1b[01;35m\x1b[KlineIntersectBox\x1b[m\x1b[K(super_utils::Vec3f L1, super_utils::Vec3f L2, super_utils::Vec3f B1,\n'}
[26.869011] (rog_map) StderrLine: {'line': b'      |                 \x1b[01;35m\x1b[K^~~~~~~~~~~~~~~~\x1b[m\x1b[K\n'}
[26.869087] (rog_map) StderrLine: {'line': b'\x1b[01m\x1b[K/home/rmadmin/Nav27/ObsMap/src/RogMap_2D/include/rog_map/rog_map_core/common_lib.hpp:65:19:\x1b[m\x1b[K \x1b[01;35m\x1b[Kwarning: \x1b[m\x1b[K\xe2\x80\x98\x1b[01m\x1b[Kdouble rog_map::\x1b[01;32m\x1b[KcomputePathLength\x1b[m\x1b[K(super_utils::vec_E<Eigen::Matrix<double, 3, 1> >&)\x1b[m\x1b[K\xe2\x80\x99 defined but not used [\x1b[01;35m\x1b[K\x1b]8;;https://gcc.gnu.org/onlinedocs/gcc/Warning-Options.html#index-Wunused-function\x07-Wunused-function\x1b]8;;\x07\x1b[m\x1b[K]\n'}
[26.869160] (rog_map) StderrLine: {'line': b'   65 |     static double \x1b[01;35m\x1b[KcomputePathLength\x1b[m\x1b[K(const super_utils::vec_E<super_utils::Vec3f>& path) {\n'}
[26.869244] (rog_map) StderrLine: {'line': b'      |                   \x1b[01;35m\x1b[K^~~~~~~~~~~~~~~~~\x1b[m\x1b[K\n'}
[26.958225] (-) TimerEvent: {}
[27.058957] (-) TimerEvent: {}
[27.159812] (-) TimerEvent: {}
[27.260457] (-) TimerEvent: {}
[27.361113] (-) TimerEvent: {}
[27.461848] (-) TimerEvent: {}
[27.562394] (-) TimerEvent: {}
[27.663416] (-) TimerEvent: {}
[27.764390] (-) TimerEvent: {}
[27.864956] (-) TimerEvent: {}
[27.965677] (-) TimerEvent: {}
[28.066289] (-) TimerEvent: {}
[28.127110] (rog_map) StderrLine: {'line': b'\x1b[01m\x1b[Kcc1plus:\x1b[m\x1b[K \x1b[01;36m\x1b[Knote: \x1b[m\x1b[Kunrecognized command-line option \xe2\x80\x98\x1b[01m\x1b[K-Wno-dev\x1b[m\x1b[K\xe2\x80\x99 may have been intended to silence earlier diagnostics\n'}
[28.166454] (-) TimerEvent: {}
[28.267196] (-) TimerEvent: {}
[28.367752] (-) TimerEvent: {}
[28.468279] (-) TimerEvent: {}
[28.568949] (-) TimerEvent: {}
[28.670392] (-) TimerEvent: {}
[28.771290] (-) TimerEvent: {}
[28.872248] (-) TimerEvent: {}
[28.974897] (-) TimerEvent: {}
[29.075798] (-) TimerEvent: {}
[29.176195] (-) TimerEvent: {}
[29.277011] (-) TimerEvent: {}
[29.378206] (-) TimerEvent: {}
[29.478756] (-) TimerEvent: {}
[29.486537] (rog_map) StderrLine: {'line': b'\x1b[01m\x1b[Kcc1plus:\x1b[m\x1b[K \x1b[01;36m\x1b[Knote: \x1b[m\x1b[Kunrecognized command-line option \xe2\x80\x98\x1b[01m\x1b[K-Wno-dev\x1b[m\x1b[K\xe2\x80\x99 may have been intended to silence earlier diagnostics\n'}
[29.578916] (-) TimerEvent: {}
[29.679562] (-) TimerEvent: {}
[29.780433] (-) TimerEvent: {}
[29.880887] (-) TimerEvent: {}
[29.981577] (-) TimerEvent: {}
[30.082095] (-) TimerEvent: {}
[30.182487] (-) TimerEvent: {}
[30.283514] (-) TimerEvent: {}
[30.384041] (-) TimerEvent: {}
[30.484783] (-) TimerEvent: {}
[30.585384] (-) TimerEvent: {}
[30.685810] (-) TimerEvent: {}
[30.786464] (-) TimerEvent: {}
[30.887409] (-) TimerEvent: {}
[30.915884] (rog_map) StderrLine: {'line': b'\x1b[01m\x1b[Kcc1plus:\x1b[m\x1b[K \x1b[01;36m\x1b[Knote: \x1b[m\x1b[Kunrecognized command-line option \xe2\x80\x98\x1b[01m\x1b[K-Wno-dev\x1b[m\x1b[K\xe2\x80\x99 may have been intended to silence earlier diagnostics\n'}
[30.987533] (-) TimerEvent: {}
[31.087940] (-) TimerEvent: {}
[31.188463] (-) TimerEvent: {}
[31.288815] (-) TimerEvent: {}
[31.389303] (-) TimerEvent: {}
[31.489832] (-) TimerEvent: {}
[31.590208] (-) TimerEvent: {}
[31.690904] (-) TimerEvent: {}
[31.713732] (rog_map) StderrLine: {'line': b'In file included from \x1b[01m\x1b[K/home/rmadmin/Nav27/ObsMap/src/RogMap_2D/include/rog_map/rog_map_core/config.hpp:26\x1b[m\x1b[K,\n'}
[31.714078] (rog_map) StderrLine: {'line': b'                 from \x1b[01m\x1b[K/home/rmadmin/Nav27/ObsMap/src/RogMap_2D/include/rog_map/rog_map_core/sliding_map.h:26\x1b[m\x1b[K,\n'}
[31.714201] (rog_map) StderrLine: {'line': b'                 from \x1b[01m\x1b[K/home/rmadmin/Nav27/ObsMap/src/RogMap_2D/include/rog_map/rog_map_core/counter_map.h:27\x1b[m\x1b[K,\n'}
[31.714330] (rog_map) StderrLine: {'line': b'                 from \x1b[01m\x1b[K/home/rmadmin/Nav27/ObsMap/src/RogMap_2D/include/rog_map/inf_map.h:26\x1b[m\x1b[K,\n'}
[31.714437] (rog_map) StderrLine: {'line': b'                 from \x1b[01m\x1b[K/home/rmadmin/Nav27/ObsMap/src/RogMap_2D/include/rog_map/prob_map.h:28\x1b[m\x1b[K,\n'}
[31.714560] (rog_map) StderrLine: {'line': b'                 from \x1b[01m\x1b[K/home/rmadmin/Nav27/ObsMap/src/RogMap_2D/include/rog_map/rog_map.h:26\x1b[m\x1b[K,\n'}
[31.714671] (rog_map) StderrLine: {'line': b'                 from \x1b[01m\x1b[K/home/rmadmin/Nav27/ObsMap/src/RogMap_2D/include/rog_map_ros/rog_map_ros2.hpp:48\x1b[m\x1b[K,\n'}
[31.714821] (rog_map) StderrLine: {'line': b'                 from \x1b[01m\x1b[K/home/rmadmin/Nav27/ObsMap/src/RogMap_2D/src/rog_map_ros/rog_map_ros1.cpp:14\x1b[m\x1b[K:\n'}
[31.714936] (rog_map) StderrLine: {'line': b'\x1b[01m\x1b[K/home/rmadmin/Nav27/ObsMap/src/RogMap_2D/include/rog_map/rog_map_core/common_lib.hpp:120:17:\x1b[m\x1b[K \x1b[01;35m\x1b[Kwarning: \x1b[m\x1b[K\xe2\x80\x98\x1b[01m\x1b[Kbool rog_map::\x1b[01;32m\x1b[KlineIntersectBox\x1b[m\x1b[K(super_utils::Vec3f, super_utils::Vec3f, super_utils::Vec3f, super_utils::Vec3f, super_utils::Vec3f&)\x1b[m\x1b[K\xe2\x80\x99 defined but not used [\x1b[01;35m\x1b[K\x1b]8;;https://gcc.gnu.org/onlinedocs/gcc/Warning-Options.html#index-Wunused-function\x07-Wunused-function\x1b]8;;\x07\x1b[m\x1b[K]\n'}
[31.715049] (rog_map) StderrLine: {'line': b'  120 |     static bool \x1b[01;35m\x1b[KlineIntersectBox\x1b[m\x1b[K(super_utils::Vec3f L1, super_utils::Vec3f L2, super_utils::Vec3f B1,\n'}
[31.715151] (rog_map) StderrLine: {'line': b'      |                 \x1b[01;35m\x1b[K^~~~~~~~~~~~~~~~\x1b[m\x1b[K\n'}
[31.715252] (rog_map) StderrLine: {'line': b'\x1b[01m\x1b[K/home/rmadmin/Nav27/ObsMap/src/RogMap_2D/include/rog_map/rog_map_core/common_lib.hpp:76:31:\x1b[m\x1b[K \x1b[01;35m\x1b[Kwarning: \x1b[m\x1b[K\xe2\x80\x98\x1b[01m\x1b[Ksuper_utils::Vec3f rog_map::\x1b[01;32m\x1b[KlineBoxIntersectPoint\x1b[m\x1b[K(const super_utils::Vec3f&, const super_utils::Vec3f&, const super_utils::Vec3f&, const super_utils::Vec3f&)\x1b[m\x1b[K\xe2\x80\x99 defined but not used [\x1b[01;35m\x1b[K\x1b]8;;https://gcc.gnu.org/onlinedocs/gcc/Warning-Options.html#index-Wunused-function\x07-Wunused-function\x1b]8;;\x07\x1b[m\x1b[K]\n'}
[31.715360] (rog_map) StderrLine: {'line': b'   76 |     static super_utils::Vec3f \x1b[01;35m\x1b[KlineBoxIntersectPoint\x1b[m\x1b[K(const super_utils::Vec3f& pt, const super_utils::Vec3f& pos,\n'}
[31.715476] (rog_map) StderrLine: {'line': b'      |                               \x1b[01;35m\x1b[K^~~~~~~~~~~~~~~~~~~~~\x1b[m\x1b[K\n'}
[31.715575] (rog_map) StderrLine: {'line': b'\x1b[01m\x1b[K/home/rmadmin/Nav27/ObsMap/src/RogMap_2D/include/rog_map/rog_map_core/common_lib.hpp:65:19:\x1b[m\x1b[K \x1b[01;35m\x1b[Kwarning: \x1b[m\x1b[K\xe2\x80\x98\x1b[01m\x1b[Kdouble rog_map::\x1b[01;32m\x1b[KcomputePathLength\x1b[m\x1b[K(super_utils::vec_E<Eigen::Matrix<double, 3, 1> >&)\x1b[m\x1b[K\xe2\x80\x99 defined but not used [\x1b[01;35m\x1b[K\x1b]8;;https://gcc.gnu.org/onlinedocs/gcc/Warning-Options.html#index-Wunused-function\x07-Wunused-function\x1b]8;;\x07\x1b[m\x1b[K]\n'}
[31.715674] (rog_map) StderrLine: {'line': b'   65 |     static double \x1b[01;35m\x1b[KcomputePathLength\x1b[m\x1b[K(const super_utils::vec_E<super_utils::Vec3f>& path) {\n'}
[31.715823] (rog_map) StderrLine: {'line': b'      |                   \x1b[01;35m\x1b[K^~~~~~~~~~~~~~~~~\x1b[m\x1b[K\n'}
[31.791079] (-) TimerEvent: {}
[31.891759] (-) TimerEvent: {}
[31.992619] (-) TimerEvent: {}
[32.093126] (-) TimerEvent: {}
[32.193755] (-) TimerEvent: {}
[32.294510] (-) TimerEvent: {}
[32.395393] (-) TimerEvent: {}
[32.496351] (-) TimerEvent: {}
[32.597474] (-) TimerEvent: {}
[32.678048] (rog_map) StderrLine: {'line': b'\x1b[01m\x1b[Kcc1plus:\x1b[m\x1b[K \x1b[01;36m\x1b[Knote: \x1b[m\x1b[Kunrecognized command-line option \xe2\x80\x98\x1b[01m\x1b[K-Wno-dev\x1b[m\x1b[K\xe2\x80\x99 may have been intended to silence earlier diagnostics\n'}
[32.697678] (-) TimerEvent: {}
[32.798329] (-) TimerEvent: {}
[32.822330] (rog_map) StderrLine: {'line': b'\x1b[01m\x1b[Kcc1plus:\x1b[m\x1b[K \x1b[01;36m\x1b[Knote: \x1b[m\x1b[Kunrecognized command-line option \xe2\x80\x98\x1b[01m\x1b[K-Wno-dev\x1b[m\x1b[K\xe2\x80\x99 may have been intended to silence earlier diagnostics\n'}
[32.898676] (-) TimerEvent: {}
[32.999565] (-) TimerEvent: {}
[33.100118] (-) TimerEvent: {}
[33.200595] (-) TimerEvent: {}
[33.301147] (-) TimerEvent: {}
[33.401929] (-) TimerEvent: {}
[33.502459] (-) TimerEvent: {}
[33.603159] (-) TimerEvent: {}
[33.704222] (-) TimerEvent: {}
[33.804931] (-) TimerEvent: {}
[33.905369] (-) TimerEvent: {}
[34.006138] (-) TimerEvent: {}
[34.106558] (-) TimerEvent: {}
[34.207050] (-) TimerEvent: {}
[34.307624] (-) TimerEvent: {}
[34.408297] (-) TimerEvent: {}
[34.508762] (-) TimerEvent: {}
[34.609153] (-) TimerEvent: {}
[34.709575] (-) TimerEvent: {}
[34.809994] (-) TimerEvent: {}
[34.910352] (-) TimerEvent: {}
[35.011141] (-) TimerEvent: {}
[35.112052] (-) TimerEvent: {}
[35.212355] (-) TimerEvent: {}
[35.312595] (-) TimerEvent: {}
[35.412934] (-) TimerEvent: {}
[35.513268] (-) TimerEvent: {}
[35.613553] (-) TimerEvent: {}
[35.713931] (-) TimerEvent: {}
[35.814359] (-) TimerEvent: {}
[35.914632] (-) TimerEvent: {}
[36.014939] (-) TimerEvent: {}
[36.115219] (-) TimerEvent: {}
[36.216071] (-) TimerEvent: {}
[36.316660] (-) TimerEvent: {}
[36.417235] (-) TimerEvent: {}
[36.517742] (-) TimerEvent: {}
[36.618426] (-) TimerEvent: {}
[36.719374] (-) TimerEvent: {}
[36.819652] (-) TimerEvent: {}
[36.920247] (-) TimerEvent: {}
[37.020570] (-) TimerEvent: {}
[37.120794] (-) TimerEvent: {}
[37.221153] (-) TimerEvent: {}
[37.321403] (-) TimerEvent: {}
[37.421759] (-) TimerEvent: {}
[37.522017] (-) TimerEvent: {}
[37.622450] (-) TimerEvent: {}
[37.723040] (-) TimerEvent: {}
[37.823747] (-) TimerEvent: {}
[37.924106] (-) TimerEvent: {}
[38.024444] (-) TimerEvent: {}
[38.124876] (-) TimerEvent: {}
[38.225445] (-) TimerEvent: {}
[38.325725] (-) TimerEvent: {}
[38.426070] (-) TimerEvent: {}
[38.526346] (-) TimerEvent: {}
[38.626690] (-) TimerEvent: {}
[38.727128] (-) TimerEvent: {}
[38.809200] (rog_map) StderrLine: {'line': b'\x1b[01m\x1b[Kcc1plus:\x1b[m\x1b[K \x1b[01;36m\x1b[Knote: \x1b[m\x1b[Kunrecognized command-line option \xe2\x80\x98\x1b[01m\x1b[K-Wno-dev\x1b[m\x1b[K\xe2\x80\x99 may have been intended to silence earlier diagnostics\n'}
[38.827245] (-) TimerEvent: {}
[38.927572] (-) TimerEvent: {}
[39.027973] (-) TimerEvent: {}
[39.128362] (-) TimerEvent: {}
[39.228737] (-) TimerEvent: {}
[39.329278] (-) TimerEvent: {}
[39.429786] (-) TimerEvent: {}
[39.530210] (-) TimerEvent: {}
[39.630875] (-) TimerEvent: {}
[39.731939] (-) TimerEvent: {}
[39.832893] (-) TimerEvent: {}
[39.934455] (-) TimerEvent: {}
[40.033534] (rog_map) StdoutLine: {'line': b'[ 83%] \x1b[32m\x1b[1mLinking CXX static library librog_map.a\x1b[0m\n'}
[40.034448] (-) TimerEvent: {}
[40.134808] (-) TimerEvent: {}
[40.235718] (-) TimerEvent: {}
[40.328853] (rog_map) StdoutLine: {'line': b'[ 83%] Built target rog_map\n'}
[40.335751] (-) TimerEvent: {}
[40.364280] (rog_map) StdoutLine: {'line': b'[ 91%] \x1b[32mBuilding CXX object CMakeFiles/rog_map_node.dir/Apps/rog_map_node.cpp.o\x1b[0m\n'}
[40.435885] (-) TimerEvent: {}
[40.536166] (-) TimerEvent: {}
[40.636489] (-) TimerEvent: {}
[40.737036] (-) TimerEvent: {}
[40.837765] (-) TimerEvent: {}
[40.938274] (-) TimerEvent: {}
[41.038661] (-) TimerEvent: {}
[41.139168] (-) TimerEvent: {}
[41.239645] (-) TimerEvent: {}
[41.339936] (-) TimerEvent: {}
[41.440306] (-) TimerEvent: {}
[41.540872] (-) TimerEvent: {}
[41.641229] (-) TimerEvent: {}
[41.741739] (-) TimerEvent: {}
[41.842250] (-) TimerEvent: {}
[41.942640] (-) TimerEvent: {}
[42.042999] (-) TimerEvent: {}
[42.143306] (-) TimerEvent: {}
[42.243938] (-) TimerEvent: {}
[42.345028] (-) TimerEvent: {}
[42.445547] (-) TimerEvent: {}
[42.545934] (-) TimerEvent: {}
[42.646170] (-) TimerEvent: {}
[42.746514] (-) TimerEvent: {}
[42.847120] (-) TimerEvent: {}
[42.947503] (-) TimerEvent: {}
[43.048153] (-) TimerEvent: {}
[43.149021] (-) TimerEvent: {}
[43.249692] (-) TimerEvent: {}
[43.350650] (-) TimerEvent: {}
[43.451608] (-) TimerEvent: {}
[43.552021] (-) TimerEvent: {}
[43.652551] (-) TimerEvent: {}
[43.752966] (-) TimerEvent: {}
[43.853441] (-) TimerEvent: {}
[43.953933] (-) TimerEvent: {}
[44.054299] (-) TimerEvent: {}
[44.154762] (-) TimerEvent: {}
[44.255256] (-) TimerEvent: {}
[44.355692] (-) TimerEvent: {}
[44.456259] (-) TimerEvent: {}
[44.557103] (-) TimerEvent: {}
[44.657385] (-) TimerEvent: {}
[44.757670] (-) TimerEvent: {}
[44.858211] (-) TimerEvent: {}
[44.958969] (-) TimerEvent: {}
[45.059673] (-) TimerEvent: {}
[45.161238] (-) TimerEvent: {}
[45.261574] (-) TimerEvent: {}
[45.361919] (-) TimerEvent: {}
[45.462411] (-) TimerEvent: {}
[45.562858] (-) TimerEvent: {}
[45.663127] (-) TimerEvent: {}
[45.763407] (-) TimerEvent: {}
[45.863783] (-) TimerEvent: {}
[45.964297] (-) TimerEvent: {}
[46.064765] (-) TimerEvent: {}
[46.165243] (-) TimerEvent: {}
[46.265606] (-) TimerEvent: {}
[46.366192] (-) TimerEvent: {}
[46.466750] (-) TimerEvent: {}
[46.567782] (-) TimerEvent: {}
[46.668112] (-) TimerEvent: {}
[46.768584] (-) TimerEvent: {}
[46.868983] (-) TimerEvent: {}
[46.969573] (-) TimerEvent: {}
[47.070029] (-) TimerEvent: {}
[47.170501] (-) TimerEvent: {}
[47.271310] (-) TimerEvent: {}
[47.372457] (-) TimerEvent: {}
[47.473272] (-) TimerEvent: {}
[47.574193] (-) TimerEvent: {}
[47.674797] (-) TimerEvent: {}
[47.775296] (-) TimerEvent: {}
[47.876193] (-) TimerEvent: {}
[47.976935] (-) TimerEvent: {}
[48.077882] (-) TimerEvent: {}
[48.178440] (-) TimerEvent: {}
[48.278911] (-) TimerEvent: {}
[48.379490] (-) TimerEvent: {}
[48.479895] (-) TimerEvent: {}
[48.580351] (-) TimerEvent: {}
[48.680895] (-) TimerEvent: {}
[48.781209] (-) TimerEvent: {}
[48.881553] (-) TimerEvent: {}
[48.982024] (-) TimerEvent: {}
[49.082449] (-) TimerEvent: {}
[49.182849] (-) TimerEvent: {}
[49.283593] (-) TimerEvent: {}
[49.384548] (-) TimerEvent: {}
[49.484831] (-) TimerEvent: {}
[49.585107] (-) TimerEvent: {}
[49.685369] (-) TimerEvent: {}
[49.785817] (-) TimerEvent: {}
[49.886208] (-) TimerEvent: {}
[49.986649] (-) TimerEvent: {}
[50.087059] (-) TimerEvent: {}
[50.187483] (-) TimerEvent: {}
[50.287886] (-) TimerEvent: {}
[50.388205] (-) TimerEvent: {}
[50.488581] (-) TimerEvent: {}
[50.589192] (-) TimerEvent: {}
[50.689493] (-) TimerEvent: {}
[50.790052] (-) TimerEvent: {}
[50.891044] (-) TimerEvent: {}
[50.991876] (-) TimerEvent: {}
[51.092338] (-) TimerEvent: {}
[51.192619] (-) TimerEvent: {}
[51.292956] (-) TimerEvent: {}
[51.393351] (-) TimerEvent: {}
[51.493952] (-) TimerEvent: {}
[51.594772] (-) TimerEvent: {}
[51.695791] (-) TimerEvent: {}
[51.796142] (-) TimerEvent: {}
[51.896615] (-) TimerEvent: {}
[51.997215] (-) TimerEvent: {}
[52.097537] (-) TimerEvent: {}
[52.197908] (-) TimerEvent: {}
[52.298203] (-) TimerEvent: {}
[52.398819] (-) TimerEvent: {}
[52.499661] (-) TimerEvent: {}
[52.600123] (-) TimerEvent: {}
[52.700909] (-) TimerEvent: {}
[52.801312] (-) TimerEvent: {}
[52.901941] (-) TimerEvent: {}
[52.910745] (rog_map) StderrLine: {'line': b'In file included from \x1b[01m\x1b[K/home/rmadmin/Nav27/ObsMap/src/RogMap_2D/include/rog_map/rog_map_core/config.hpp:26\x1b[m\x1b[K,\n'}
[52.911164] (rog_map) StderrLine: {'line': b'                 from \x1b[01m\x1b[K/home/rmadmin/Nav27/ObsMap/src/RogMap_2D/include/rog_map/rog_map_core/sliding_map.h:26\x1b[m\x1b[K,\n'}
[52.911314] (rog_map) StderrLine: {'line': b'                 from \x1b[01m\x1b[K/home/rmadmin/Nav27/ObsMap/src/RogMap_2D/include/rog_map/rog_map_core/counter_map.h:27\x1b[m\x1b[K,\n'}
[52.911414] (rog_map) StderrLine: {'line': b'                 from \x1b[01m\x1b[K/home/rmadmin/Nav27/ObsMap/src/RogMap_2D/include/rog_map/inf_map.h:26\x1b[m\x1b[K,\n'}
[52.911502] (rog_map) StderrLine: {'line': b'                 from \x1b[01m\x1b[K/home/rmadmin/Nav27/ObsMap/src/RogMap_2D/include/rog_map/prob_map.h:28\x1b[m\x1b[K,\n'}
[52.911588] (rog_map) StderrLine: {'line': b'                 from \x1b[01m\x1b[K/home/rmadmin/Nav27/ObsMap/src/RogMap_2D/include/rog_map/rog_map.h:26\x1b[m\x1b[K,\n'}
[52.911669] (rog_map) StderrLine: {'line': b'                 from \x1b[01m\x1b[K/home/rmadmin/Nav27/ObsMap/src/RogMap_2D/include/rog_map_ros/rog_map_ros2.hpp:48\x1b[m\x1b[K,\n'}
[52.911768] (rog_map) StderrLine: {'line': b'                 from \x1b[01m\x1b[K/home/rmadmin/Nav27/ObsMap/src/RogMap_2D/Apps/rog_map_node.cpp:15\x1b[m\x1b[K:\n'}
[52.911858] (rog_map) StderrLine: {'line': b'\x1b[01m\x1b[K/home/rmadmin/Nav27/ObsMap/src/RogMap_2D/include/rog_map/rog_map_core/common_lib.hpp:120:17:\x1b[m\x1b[K \x1b[01;35m\x1b[Kwarning: \x1b[m\x1b[K\xe2\x80\x98\x1b[01m\x1b[Kbool rog_map::\x1b[01;32m\x1b[KlineIntersectBox\x1b[m\x1b[K(super_utils::Vec3f, super_utils::Vec3f, super_utils::Vec3f, super_utils::Vec3f, super_utils::Vec3f&)\x1b[m\x1b[K\xe2\x80\x99 defined but not used [\x1b[01;35m\x1b[K\x1b]8;;https://gcc.gnu.org/onlinedocs/gcc/Warning-Options.html#index-Wunused-function\x07-Wunused-function\x1b]8;;\x07\x1b[m\x1b[K]\n'}
[52.911982] (rog_map) StderrLine: {'line': b'  120 |     static bool \x1b[01;35m\x1b[KlineIntersectBox\x1b[m\x1b[K(super_utils::Vec3f L1, super_utils::Vec3f L2, super_utils::Vec3f B1,\n'}
[52.912076] (rog_map) StderrLine: {'line': b'      |                 \x1b[01;35m\x1b[K^~~~~~~~~~~~~~~~\x1b[m\x1b[K\n'}
[52.912165] (rog_map) StderrLine: {'line': b'\x1b[01m\x1b[K/home/rmadmin/Nav27/ObsMap/src/RogMap_2D/include/rog_map/rog_map_core/common_lib.hpp:76:31:\x1b[m\x1b[K \x1b[01;35m\x1b[Kwarning: \x1b[m\x1b[K\xe2\x80\x98\x1b[01m\x1b[Ksuper_utils::Vec3f rog_map::\x1b[01;32m\x1b[KlineBoxIntersectPoint\x1b[m\x1b[K(const super_utils::Vec3f&, const super_utils::Vec3f&, const super_utils::Vec3f&, const super_utils::Vec3f&)\x1b[m\x1b[K\xe2\x80\x99 defined but not used [\x1b[01;35m\x1b[K\x1b]8;;https://gcc.gnu.org/onlinedocs/gcc/Warning-Options.html#index-Wunused-function\x07-Wunused-function\x1b]8;;\x07\x1b[m\x1b[K]\n'}
[52.912258] (rog_map) StderrLine: {'line': b'   76 |     static super_utils::Vec3f \x1b[01;35m\x1b[KlineBoxIntersectPoint\x1b[m\x1b[K(const super_utils::Vec3f& pt, const super_utils::Vec3f& pos,\n'}
[52.912340] (rog_map) StderrLine: {'line': b'      |                               \x1b[01;35m\x1b[K^~~~~~~~~~~~~~~~~~~~~\x1b[m\x1b[K\n'}
[52.912417] (rog_map) StderrLine: {'line': b'\x1b[01m\x1b[K/home/rmadmin/Nav27/ObsMap/src/RogMap_2D/include/rog_map/rog_map_core/common_lib.hpp:65:19:\x1b[m\x1b[K \x1b[01;35m\x1b[Kwarning: \x1b[m\x1b[K\xe2\x80\x98\x1b[01m\x1b[Kdouble rog_map::\x1b[01;32m\x1b[KcomputePathLength\x1b[m\x1b[K(super_utils::vec_E<Eigen::Matrix<double, 3, 1> >&)\x1b[m\x1b[K\xe2\x80\x99 defined but not used [\x1b[01;35m\x1b[K\x1b]8;;https://gcc.gnu.org/onlinedocs/gcc/Warning-Options.html#index-Wunused-function\x07-Wunused-function\x1b]8;;\x07\x1b[m\x1b[K]\n'}
[52.912510] (rog_map) StderrLine: {'line': b'   65 |     static double \x1b[01;35m\x1b[KcomputePathLength\x1b[m\x1b[K(const super_utils::vec_E<super_utils::Vec3f>& path) {\n'}
[52.912586] (rog_map) StderrLine: {'line': b'      |                   \x1b[01;35m\x1b[K^~~~~~~~~~~~~~~~~\x1b[m\x1b[K\n'}
[53.002015] (-) TimerEvent: {}
[53.102385] (-) TimerEvent: {}
[53.202753] (-) TimerEvent: {}
[53.303107] (-) TimerEvent: {}
[53.403592] (-) TimerEvent: {}
[53.504088] (-) TimerEvent: {}
[53.605278] (-) TimerEvent: {}
[53.706145] (-) TimerEvent: {}
[53.806549] (-) TimerEvent: {}
[53.907107] (-) TimerEvent: {}
[54.007728] (-) TimerEvent: {}
[54.108939] (-) TimerEvent: {}
[54.209449] (-) TimerEvent: {}
[54.310078] (-) TimerEvent: {}
[54.410997] (-) TimerEvent: {}
[54.511649] (-) TimerEvent: {}
[54.612307] (-) TimerEvent: {}
[54.712549] (-) TimerEvent: {}
[54.813026] (-) TimerEvent: {}
[54.914340] (-) TimerEvent: {}
[55.014861] (-) TimerEvent: {}
[55.115262] (-) TimerEvent: {}
[55.215674] (-) TimerEvent: {}
[55.315946] (-) TimerEvent: {}
[55.416218] (-) TimerEvent: {}
[55.516499] (-) TimerEvent: {}
[55.616859] (-) TimerEvent: {}
[55.717467] (-) TimerEvent: {}
[55.818041] (-) TimerEvent: {}
[55.918577] (-) TimerEvent: {}
[56.019493] (-) TimerEvent: {}
[56.120635] (-) TimerEvent: {}
[56.221026] (-) TimerEvent: {}
[56.321329] (-) TimerEvent: {}
[56.421808] (-) TimerEvent: {}
[56.522386] (-) TimerEvent: {}
[56.622772] (-) TimerEvent: {}
[56.723187] (-) TimerEvent: {}
[56.823495] (-) TimerEvent: {}
[56.923999] (-) TimerEvent: {}
[57.024314] (-) TimerEvent: {}
[57.124578] (-) TimerEvent: {}
[57.224872] (-) TimerEvent: {}
[57.325229] (-) TimerEvent: {}
[57.425681] (-) TimerEvent: {}
[57.526497] (-) TimerEvent: {}
[57.627898] (-) TimerEvent: {}
[57.728372] (-) TimerEvent: {}
[57.828855] (-) TimerEvent: {}
[57.929752] (-) TimerEvent: {}
[58.030183] (-) TimerEvent: {}
[58.130679] (-) TimerEvent: {}
[58.231102] (-) TimerEvent: {}
[58.331690] (-) TimerEvent: {}
[58.431991] (-) TimerEvent: {}
[58.532421] (-) TimerEvent: {}
[58.632913] (-) TimerEvent: {}
[58.733821] (-) TimerEvent: {}
[58.834423] (-) TimerEvent: {}
[58.935334] (-) TimerEvent: {}
[59.036053] (-) TimerEvent: {}
[59.136886] (-) TimerEvent: {}
[59.237213] (-) TimerEvent: {}
[59.337537] (-) TimerEvent: {}
[59.437770] (-) TimerEvent: {}
[59.538051] (-) TimerEvent: {}
[59.638390] (-) TimerEvent: {}
[59.738790] (-) TimerEvent: {}
[59.839115] (-) TimerEvent: {}
[59.939663] (-) TimerEvent: {}
[60.040190] (-) TimerEvent: {}
[60.140832] (-) TimerEvent: {}
[60.241374] (-) TimerEvent: {}
[60.341623] (-) TimerEvent: {}
[60.441974] (-) TimerEvent: {}
[60.542568] (-) TimerEvent: {}
[60.643141] (-) TimerEvent: {}
[60.743893] (-) TimerEvent: {}
[60.845005] (-) TimerEvent: {}
[60.945615] (-) TimerEvent: {}
[61.045862] (-) TimerEvent: {}
[61.146486] (-) TimerEvent: {}
[61.247775] (-) TimerEvent: {}
[61.348876] (-) TimerEvent: {}
[61.449249] (-) TimerEvent: {}
[61.549594] (-) TimerEvent: {}
[61.650045] (-) TimerEvent: {}
[61.750867] (-) TimerEvent: {}
[61.851601] (-) TimerEvent: {}
[61.952933] (-) TimerEvent: {}
[62.053403] (-) TimerEvent: {}
[62.153837] (-) TimerEvent: {}
[62.254109] (-) TimerEvent: {}
[62.354503] (-) TimerEvent: {}
[62.455089] (-) TimerEvent: {}
[62.555648] (-) TimerEvent: {}
[62.656019] (-) TimerEvent: {}
[62.756332] (-) TimerEvent: {}
[62.856675] (-) TimerEvent: {}
[62.957015] (-) TimerEvent: {}
[63.057411] (-) TimerEvent: {}
[63.157704] (-) TimerEvent: {}
[63.257993] (-) TimerEvent: {}
[63.358344] (-) TimerEvent: {}
[63.458763] (-) TimerEvent: {}
[63.559010] (-) TimerEvent: {}
[63.659264] (-) TimerEvent: {}
[63.759501] (-) TimerEvent: {}
[63.859801] (-) TimerEvent: {}
[63.960167] (-) TimerEvent: {}
[64.060632] (-) TimerEvent: {}
[64.161317] (-) TimerEvent: {}
[64.261945] (-) TimerEvent: {}
[64.362160] (-) TimerEvent: {}
[64.462480] (-) TimerEvent: {}
[64.562806] (-) TimerEvent: {}
[64.663034] (-) TimerEvent: {}
[64.763376] (-) TimerEvent: {}
[64.864101] (-) TimerEvent: {}
[64.965191] (-) TimerEvent: {}
[65.065735] (-) TimerEvent: {}
[65.166287] (-) TimerEvent: {}
[65.266610] (-) TimerEvent: {}
[65.366852] (-) TimerEvent: {}
[65.467149] (-) TimerEvent: {}
[65.567597] (-) TimerEvent: {}
[65.668049] (-) TimerEvent: {}
[65.768384] (-) TimerEvent: {}
[65.868953] (-) TimerEvent: {}
[65.969619] (-) TimerEvent: {}
[66.069892] (-) TimerEvent: {}
[66.170206] (-) TimerEvent: {}
[66.270818] (-) TimerEvent: {}
[66.371281] (-) TimerEvent: {}
[66.471965] (-) TimerEvent: {}
[66.572428] (-) TimerEvent: {}
[66.673042] (-) TimerEvent: {}
[66.773947] (-) TimerEvent: {}
[66.874444] (-) TimerEvent: {}
[66.975161] (-) TimerEvent: {}
[67.075861] (-) TimerEvent: {}
[67.176509] (-) TimerEvent: {}
[67.276839] (-) TimerEvent: {}
[67.377360] (-) TimerEvent: {}
[67.477954] (-) TimerEvent: {}
[67.578981] (-) TimerEvent: {}
[67.679418] (-) TimerEvent: {}
[67.780077] (-) TimerEvent: {}
[67.880915] (-) TimerEvent: {}
[67.981824] (-) TimerEvent: {}
[68.082085] (-) TimerEvent: {}
[68.182677] (-) TimerEvent: {}
[68.283518] (-) TimerEvent: {}
[68.383900] (-) TimerEvent: {}
[68.484477] (-) TimerEvent: {}
[68.585030] (-) TimerEvent: {}
[68.685372] (-) TimerEvent: {}
[68.785797] (-) TimerEvent: {}
[68.886237] (-) TimerEvent: {}
[68.986841] (-) TimerEvent: {}
[69.087321] (-) TimerEvent: {}
[69.188176] (-) TimerEvent: {}
[69.288713] (-) TimerEvent: {}
[69.389110] (-) TimerEvent: {}
[69.490038] (-) TimerEvent: {}
[69.590610] (-) TimerEvent: {}
[69.691176] (-) TimerEvent: {}
[69.791481] (-) TimerEvent: {}
[69.891906] (-) TimerEvent: {}
[69.992651] (-) TimerEvent: {}
[70.093352] (-) TimerEvent: {}
[70.193793] (-) TimerEvent: {}
[70.294216] (-) TimerEvent: {}
[70.394801] (-) TimerEvent: {}
[70.495062] (-) TimerEvent: {}
[70.595412] (-) TimerEvent: {}
[70.695889] (-) TimerEvent: {}
[70.796259] (-) TimerEvent: {}
[70.896623] (-) TimerEvent: {}
[70.997233] (-) TimerEvent: {}
[71.097479] (-) TimerEvent: {}
[71.197788] (-) TimerEvent: {}
[71.298250] (-) TimerEvent: {}
[71.398853] (-) TimerEvent: {}
[71.500358] (-) TimerEvent: {}
[71.600769] (-) TimerEvent: {}
[71.701098] (-) TimerEvent: {}
[71.801686] (-) TimerEvent: {}
[71.902056] (-) TimerEvent: {}
[72.002788] (-) TimerEvent: {}
[72.103564] (-) TimerEvent: {}
[72.204003] (-) TimerEvent: {}
[72.304245] (-) TimerEvent: {}
[72.404468] (-) TimerEvent: {}
[72.504722] (-) TimerEvent: {}
[72.604983] (-) TimerEvent: {}
[72.705370] (-) TimerEvent: {}
[72.805715] (-) TimerEvent: {}
[72.906215] (-) TimerEvent: {}
[73.006883] (-) TimerEvent: {}
[73.107374] (-) TimerEvent: {}
[73.208018] (-) TimerEvent: {}
[73.308552] (-) TimerEvent: {}
[73.409066] (-) TimerEvent: {}
[73.509362] (-) TimerEvent: {}
[73.609695] (-) TimerEvent: {}
[73.710040] (-) TimerEvent: {}
[73.810579] (-) TimerEvent: {}
[73.911134] (-) TimerEvent: {}
[74.011782] (-) TimerEvent: {}
[74.112448] (-) TimerEvent: {}
[74.213121] (-) TimerEvent: {}
[74.313800] (-) TimerEvent: {}
[74.414035] (-) TimerEvent: {}
[74.514284] (-) TimerEvent: {}
[74.614638] (-) TimerEvent: {}
[74.715146] (-) TimerEvent: {}
[74.815758] (-) TimerEvent: {}
[74.917608] (-) TimerEvent: {}
[75.018023] (-) TimerEvent: {}
[75.118330] (-) TimerEvent: {}
[75.218814] (-) TimerEvent: {}
[75.319233] (-) TimerEvent: {}
[75.419695] (-) TimerEvent: {}
[75.520180] (-) TimerEvent: {}
[75.620658] (-) TimerEvent: {}
[75.721154] (-) TimerEvent: {}
[75.821602] (-) TimerEvent: {}
[75.922387] (-) TimerEvent: {}
[76.023152] (-) TimerEvent: {}
[76.123943] (-) TimerEvent: {}
[76.224413] (-) TimerEvent: {}
[76.324691] (-) TimerEvent: {}
[76.425141] (-) TimerEvent: {}
[76.525674] (-) TimerEvent: {}
[76.626423] (-) TimerEvent: {}
[76.727394] (-) TimerEvent: {}
[76.827775] (-) TimerEvent: {}
[76.928371] (-) TimerEvent: {}
[77.028942] (-) TimerEvent: {}
[77.129294] (-) TimerEvent: {}
[77.229749] (-) TimerEvent: {}
[77.330288] (-) TimerEvent: {}
[77.430775] (-) TimerEvent: {}
[77.531262] (-) TimerEvent: {}
[77.631801] (-) TimerEvent: {}
[77.732282] (-) TimerEvent: {}
[77.833116] (-) TimerEvent: {}
[77.933660] (-) TimerEvent: {}
[78.033941] (-) TimerEvent: {}
[78.134220] (-) TimerEvent: {}
[78.234608] (-) TimerEvent: {}
[78.335155] (-) TimerEvent: {}
[78.435650] (-) TimerEvent: {}
[78.536227] (-) TimerEvent: {}
[78.636626] (-) TimerEvent: {}
[78.737115] (-) TimerEvent: {}
[78.837584] (-) TimerEvent: {}
[78.937933] (-) TimerEvent: {}
[79.038286] (-) TimerEvent: {}
[79.138796] (-) TimerEvent: {}
[79.239176] (-) TimerEvent: {}
[79.339585] (-) TimerEvent: {}
[79.440042] (-) TimerEvent: {}
[79.540303] (-) TimerEvent: {}
[79.640578] (-) TimerEvent: {}
[79.741046] (-) TimerEvent: {}
[79.843577] (-) TimerEvent: {}
[79.943965] (-) TimerEvent: {}
[80.044221] (-) TimerEvent: {}
[80.144481] (-) TimerEvent: {}
[80.244737] (-) TimerEvent: {}
[80.344954] (-) TimerEvent: {}
[80.445292] (-) TimerEvent: {}
[80.545806] (-) TimerEvent: {}
[80.646144] (-) TimerEvent: {}
[80.746386] (-) TimerEvent: {}
[80.846681] (-) TimerEvent: {}
[80.947127] (-) TimerEvent: {}
[81.047527] (-) TimerEvent: {}
[81.148030] (-) TimerEvent: {}
[81.248477] (-) TimerEvent: {}
[81.348946] (-) TimerEvent: {}
[81.449455] (-) TimerEvent: {}
[81.549877] (-) TimerEvent: {}
[81.651014] (-) TimerEvent: {}
[81.751910] (-) TimerEvent: {}
[81.852455] (-) TimerEvent: {}
[81.953191] (-) TimerEvent: {}
[82.054151] (-) TimerEvent: {}
[82.155688] (-) TimerEvent: {}
[82.255963] (-) TimerEvent: {}
[82.356422] (-) TimerEvent: {}
[82.456926] (-) TimerEvent: {}
[82.557353] (-) TimerEvent: {}
[82.657609] (-) TimerEvent: {}
[82.758200] (-) TimerEvent: {}
[82.858953] (-) TimerEvent: {}
[82.960140] (-) TimerEvent: {}
[83.060901] (-) TimerEvent: {}
[83.161923] (-) TimerEvent: {}
[83.262387] (-) TimerEvent: {}
[83.363059] (-) TimerEvent: {}
[83.463904] (-) TimerEvent: {}
[83.564597] (-) TimerEvent: {}
[83.664938] (-) TimerEvent: {}
[83.765187] (-) TimerEvent: {}
[83.865539] (-) TimerEvent: {}
[83.966176] (-) TimerEvent: {}
[84.066966] (-) TimerEvent: {}
[84.167442] (-) TimerEvent: {}
[84.267991] (-) TimerEvent: {}
[84.368758] (-) TimerEvent: {}
[84.469502] (-) TimerEvent: {}
[84.570104] (-) TimerEvent: {}
[84.670604] (-) TimerEvent: {}
[84.771429] (-) TimerEvent: {}
[84.871893] (-) TimerEvent: {}
[84.972495] (-) TimerEvent: {}
[85.073136] (-) TimerEvent: {}
[85.173604] (-) TimerEvent: {}
[85.274136] (-) TimerEvent: {}
[85.374484] (-) TimerEvent: {}
[85.475165] (-) TimerEvent: {}
[85.575663] (-) TimerEvent: {}
[85.676271] (-) TimerEvent: {}
[85.776812] (-) TimerEvent: {}
[85.877265] (-) TimerEvent: {}
[85.977803] (-) TimerEvent: {}
[86.078144] (-) TimerEvent: {}
[86.178864] (-) TimerEvent: {}
[86.279685] (-) TimerEvent: {}
[86.380186] (-) TimerEvent: {}
[86.480732] (-) TimerEvent: {}
[86.580969] (-) TimerEvent: {}
[86.681232] (-) TimerEvent: {}
[86.781500] (-) TimerEvent: {}
[86.882007] (-) TimerEvent: {}
[86.883119] (rog_map) StderrLine: {'line': b'\x1b[01m\x1b[Kcc1plus:\x1b[m\x1b[K \x1b[01;36m\x1b[Knote: \x1b[m\x1b[Kunrecognized command-line option \xe2\x80\x98\x1b[01m\x1b[K-Wno-dev\x1b[m\x1b[K\xe2\x80\x99 may have been intended to silence earlier diagnostics\n'}
[86.982104] (-) TimerEvent: {}
[87.082449] (-) TimerEvent: {}
[87.182908] (-) TimerEvent: {}
[87.283146] (-) TimerEvent: {}
[87.383384] (-) TimerEvent: {}
[87.483730] (-) TimerEvent: {}
[87.584281] (-) TimerEvent: {}
[87.685021] (-) TimerEvent: {}
[87.785758] (-) TimerEvent: {}
[87.886228] (-) TimerEvent: {}
[87.987117] (-) TimerEvent: {}
[88.087911] (-) TimerEvent: {}
[88.188379] (-) TimerEvent: {}
[88.288955] (-) TimerEvent: {}
[88.389887] (-) TimerEvent: {}
[88.490836] (-) TimerEvent: {}
[88.591337] (-) TimerEvent: {}
[88.691898] (-) TimerEvent: {}
[88.792771] (-) TimerEvent: {}
[88.893307] (-) TimerEvent: {}
[88.994028] (-) TimerEvent: {}
[89.094527] (-) TimerEvent: {}
[89.194984] (-) TimerEvent: {}
[89.295630] (-) TimerEvent: {}
[89.395960] (-) TimerEvent: {}
[89.496364] (-) TimerEvent: {}
[89.597216] (-) TimerEvent: {}
[89.697825] (-) TimerEvent: {}
[89.798403] (-) TimerEvent: {}
[89.898940] (-) TimerEvent: {}
[89.999938] (-) TimerEvent: {}
[90.100499] (-) TimerEvent: {}
[90.201314] (-) TimerEvent: {}
[90.301852] (-) TimerEvent: {}
[90.402329] (-) TimerEvent: {}
[90.502943] (-) TimerEvent: {}
[90.603339] (-) TimerEvent: {}
[90.703790] (-) TimerEvent: {}
[90.804423] (-) TimerEvent: {}
[90.905164] (-) TimerEvent: {}
[91.005996] (-) TimerEvent: {}
[91.106340] (-) TimerEvent: {}
[91.206784] (-) TimerEvent: {}
[91.271604] (rog_map) StdoutLine: {'line': b'[100%] \x1b[32m\x1b[1mLinking CXX executable rog_map_node\x1b[0m\n'}
[91.307044] (-) TimerEvent: {}
[91.407489] (-) TimerEvent: {}
[91.508073] (-) TimerEvent: {}
[91.609183] (-) TimerEvent: {}
[91.710765] (-) TimerEvent: {}
[91.811509] (-) TimerEvent: {}
[91.912249] (-) TimerEvent: {}
[92.013070] (-) TimerEvent: {}
[92.113379] (-) TimerEvent: {}
[92.213770] (-) TimerEvent: {}
[92.314196] (-) TimerEvent: {}
[92.414834] (-) TimerEvent: {}
[92.515233] (-) TimerEvent: {}
[92.530443] (rog_map) StdoutLine: {'line': b'[100%] Built target rog_map_node\n'}
[92.549260] (rog_map) CommandEnded: {'returncode': 0}
[92.550012] (rog_map) JobProgress: {'identifier': 'rog_map', 'progress': 'install'}
[92.568319] (rog_map) Command: {'cmd': ['/usr/bin/cmake', '--install', '/home/rmadmin/Nav27/ObsMap/src/RogMap_2D/build/rog_map'], 'cwd': '/home/rmadmin/Nav27/ObsMap/src/RogMap_2D/build/rog_map', 'env': OrderedDict({'LESSOPEN': '| /usr/bin/lesspipe %s', 'USER': 'rmadmin', 'SSH_CLIENT': '100.123.89.120 56460 22', 'GZ_CONFIG_PATH': '/opt/ros/jazzy/opt/gz_sim_vendor/share/gz:/opt/ros/jazzy/opt/sdformat_vendor/share/gz:/opt/ros/jazzy/opt/gz_gui_vendor/share/gz:/opt/ros/jazzy/opt/gz_transport_vendor/share/gz:/opt/ros/jazzy/opt/gz_rendering_vendor/share/gz:/opt/ros/jazzy/opt/gz_plugin_vendor/share/gz:/opt/ros/jazzy/opt/gz_fuel_tools_vendor/share/gz:/opt/ros/jazzy/opt/gz_msgs_vendor/share/gz:/opt/ros/jazzy/opt/gz_common_vendor/share/gz', 'XDG_SESSION_TYPE': 'tty', 'GIT_ASKPASS': '/home/rmadmin/.vscode-server/cli/servers/Stable-e4c7e7b1d6d060162f4aa7f8225271b67ce1df75/server/extensions/git/dist/askpass.sh', 'SHLVL': '2', 'LD_LIBRARY_PATH': '/home/rmadmin/Nav27/ObsMap/install/fast_lio_localization/lib:/home/rmadmin/Nav27/ObsMap/install/fast_lio/lib:/home/rmadmin/Nav27/ws_livox/install/livox_ros_driver2/lib:/opt/ros/jazzy/opt/gz_sim_vendor/lib:/opt/ros/jazzy/opt/gz_sensors_vendor/lib:/opt/ros/jazzy/opt/gz_physics_vendor/lib:/opt/ros/jazzy/opt/sdformat_vendor/lib:/opt/ros/jazzy/opt/rviz_ogre_vendor/lib:/opt/ros/jazzy/lib/x86_64-linux-gnu:/opt/ros/jazzy/opt/gz_gui_vendor/lib:/opt/ros/jazzy/opt/gz_transport_vendor/lib:/opt/ros/jazzy/opt/gz_rendering_vendor/lib:/opt/ros/jazzy/opt/gz_plugin_vendor/lib:/opt/ros/jazzy/opt/gz_fuel_tools_vendor/lib:/opt/ros/jazzy/opt/gz_msgs_vendor/lib:/opt/ros/jazzy/opt/gz_common_vendor/lib:/opt/ros/jazzy/opt/gz_math_vendor/lib:/opt/ros/jazzy/opt/gz_utils_vendor/lib:/opt/ros/jazzy/opt/gz_tools_vendor/lib:/opt/ros/jazzy/opt/gz_ogre_next_vendor/lib:/opt/ros/jazzy/opt/gz_dartsim_vendor/lib:/opt/ros/jazzy/opt/gz_cmake_vendor/lib:/opt/ros/jazzy/lib', 'BROWSER': '/home/rmadmin/.vscode-server/cli/servers/Stable-e4c7e7b1d6d060162f4aa7f8225271b67ce1df75/server/bin/helpers/browser.sh', 'HOME': '/home/rmadmin', 'OLDPWD': '/home/rmadmin/Nav27/ObsMap', 'TERM_PROGRAM_VERSION': '1.131.0', 'VSCODE_IPC_HOOK_CLI': '/run/user/1000/vscode-ipc-8b74211f-4139-4dfc-830c-a6835f375c5c.sock', 'ROS_PYTHON_VERSION': '3', 'VSCODE_GIT_ASKPASS_MAIN': '/home/rmadmin/.vscode-server/cli/servers/Stable-e4c7e7b1d6d060162f4aa7f8225271b67ce1df75/server/extensions/git/dist/askpass-main.js', 'VSCODE_GIT_ASKPASS_NODE': '/home/rmadmin/.vscode-server/cli/servers/Stable-e4c7e7b1d6d060162f4aa7f8225271b67ce1df75/server/node', 'VSCODE_PYTHON_AUTOACTIVATE_GUARD': '1', 'DBUS_SESSION_BUS_ADDRESS': 'unix:path=/run/user/1000/bus', 'COLORTERM': 'truecolor', 'DEBUGINFOD_URLS': 'https://debuginfod.ubuntu.com', 'COLCON_PREFIX_PATH': '/home/rmadmin/Nav27/ObsMap/install:/home/rmadmin/Nav27/ws_livox/install', 'ROS_DISTRO': 'jazzy', 'LOGNAME': 'rmadmin', '_': '/usr/bin/colcon', 'ROS_VERSION': '2', 'CLAUDE_CODE_SSE_PORT': '34224', 'XDG_SESSION_CLASS': 'user', 'TERM': 'xterm-256color', 'XDG_SESSION_ID': '119', 'PATH': '/Users/fangchuran/Library/Application Support/Code/User/globalStorage/github.copilot-chat/debugCommand:/Users/fangchuran/Library/Application Support/Code/User/globalStorage/github.copilot-chat/copilotCli:/home/rmadmin/.vscode-server/cli/servers/Stable-e4c7e7b1d6d060162f4aa7f8225271b67ce1df75/server/bin/remote-cli:/opt/ros/jazzy/opt/gz_msgs_vendor/bin:/opt/ros/jazzy/opt/gz_tools_vendor/bin:/opt/ros/jazzy/opt/gz_ogre_next_vendor/bin:/opt/ros/jazzy/bin:/usr/local/sbin:/usr/local/bin:/usr/sbin:/usr/bin:/sbin:/bin:/usr/games:/usr/local/games:/snap/bin', 'XDG_RUNTIME_DIR': '/run/user/1000', 'LANG': 'C.UTF-8', 'LS_COLORS': 'rs=0:di=01;34:ln=01;36:mh=00:pi=40;33:so=01;35:do=01;35:bd=40;33;01:cd=40;33;01:or=40;31;01:mi=00:su=37;41:sg=30;43:ca=00:tw=30;42:ow=34;42:st=37;44:ex=01;32:*.tar=01;31:*.tgz=01;31:*.arc=01;31:*.arj=01;31:*.taz=01;31:*.lha=01;31:*.lz4=01;31:*.lzh=01;31:*.lzma=01;31:*.tlz=01;31:*.txz=01;31:*.tzo=01;31:*.t7z=01;31:*.zip=01;31:*.z=01;31:*.dz=01;31:*.gz=01;31:*.lrz=01;31:*.lz=01;31:*.lzo=01;31:*.xz=01;31:*.zst=01;31:*.tzst=01;31:*.bz2=01;31:*.bz=01;31:*.tbz=01;31:*.tbz2=01;31:*.tz=01;31:*.deb=01;31:*.rpm=01;31:*.jar=01;31:*.war=01;31:*.ear=01;31:*.sar=01;31:*.rar=01;31:*.alz=01;31:*.ace=01;31:*.zoo=01;31:*.cpio=01;31:*.7z=01;31:*.rz=01;31:*.cab=01;31:*.wim=01;31:*.swm=01;31:*.dwm=01;31:*.esd=01;31:*.avif=01;35:*.jpg=01;35:*.jpeg=01;35:*.mjpg=01;35:*.mjpeg=01;35:*.gif=01;35:*.bmp=01;35:*.pbm=01;35:*.pgm=01;35:*.ppm=01;35:*.tga=01;35:*.xbm=01;35:*.xpm=01;35:*.tif=01;35:*.tiff=01;35:*.png=01;35:*.svg=01;35:*.svgz=01;35:*.mng=01;35:*.pcx=01;35:*.mov=01;35:*.mpg=01;35:*.mpeg=01;35:*.m2v=01;35:*.mkv=01;35:*.webm=01;35:*.webp=01;35:*.ogm=01;35:*.mp4=01;35:*.m4v=01;35:*.mp4v=01;35:*.vob=01;35:*.qt=01;35:*.nuv=01;35:*.wmv=01;35:*.asf=01;35:*.rm=01;35:*.rmvb=01;35:*.flc=01;35:*.avi=01;35:*.fli=01;35:*.flv=01;35:*.gl=01;35:*.dl=01;35:*.xcf=01;35:*.xwd=01;35:*.yuv=01;35:*.cgm=01;35:*.emf=01;35:*.ogv=01;35:*.ogx=01;35:*.aac=00;36:*.au=00;36:*.flac=00;36:*.m4a=00;36:*.mid=00;36:*.midi=00;36:*.mka=00;36:*.mp3=00;36:*.mpc=00;36:*.ogg=00;36:*.ra=00;36:*.wav=00;36:*.oga=00;36:*.opus=00;36:*.spx=00;36:*.xspf=00;36:*~=00;90:*#=00;90:*.bak=00;90:*.crdownload=00;90:*.dpkg-dist=00;90:*.dpkg-new=00;90:*.dpkg-old=00;90:*.dpkg-tmp=00;90:*.old=00;90:*.orig=00;90:*.part=00;90:*.rej=00;90:*.rpmnew=00;90:*.rpmorig=00;90:*.rpmsave=00;90:*.swp=00;90:*.tmp=00;90:*.ucf-dist=00;90:*.ucf-new=00;90:*.ucf-old=00;90:', 'VSCODE_GIT_IPC_HANDLE': '/run/user/1000/vscode-git-438c150b49.sock', 'TERM_PROGRAM': 'vscode', 'ROS_DOMAIN_ID': '2', 'AMENT_PREFIX_PATH': '/home/rmadmin/Nav27/ObsMap/install/rog_map:/home/rmadmin/Nav27/ObsMap/install/livox_filter_27:/home/rmadmin/Nav27/ObsMap/install/fast_lio_localization:/home/rmadmin/Nav27/ObsMap/install/fast_lio:/home/rmadmin/Nav27/ws_livox/install/livox_ros_driver2:/opt/ros/jazzy', 'SHELL': '/bin/bash', 'LESSCLOSE': '/usr/bin/lesspipe %s %s', 'ROS_AUTOMATIC_DISCOVERY_RANGE': 'SUBNET', 'VSCODE_GIT_ASKPASS_EXTRA_ARGS': '', 'PWD': '/home/rmadmin/Nav27/ObsMap/src/RogMap_2D/build/rog_map', 'COPILOT_DEBUG_NONCE': 'cfdbb9aa39f67e2aa8bd2759cc69ae71', 'SSH_CONNECTION': '100.123.89.120 56460 100.122.138.58 22', 'XDG_DATA_DIRS': '/usr/share/gnome:/usr/local/share:/usr/share:/var/lib/snapd/desktop', 'PYTHONPATH': '/home/rmadmin/Nav27/ObsMap/install/fast_lio_localization/lib/python3.12/site-packages:/home/rmadmin/Nav27/ObsMap/install/fast_lio/lib/python3.12/site-packages:/home/rmadmin/Nav27/ws_livox/install/livox_ros_driver2/lib/python3.12/site-packages:/opt/ros/jazzy/opt/gz_sim_vendor/lib/python:/opt/ros/jazzy/opt/sdformat_vendor/lib/python:/opt/ros/jazzy/opt/gz_transport_vendor/lib/python:/opt/ros/jazzy/opt/gz_msgs_vendor/lib/python:/opt/ros/jazzy/opt/gz_math_vendor/lib/python:/opt/ros/jazzy/lib/python3.12/site-packages', 'COLCON': '1', 'CMAKE_PREFIX_PATH': '/home/rmadmin/Nav27/ObsMap/install/rog_map:/home/rmadmin/Nav27/ObsMap/install/livox_filter_27:/home/rmadmin/Nav27/ObsMap/install/fast_lio_localization:/home/rmadmin/Nav27/ObsMap/install/fast_lio:/home/rmadmin/Nav27/ws_livox/install/livox_ros_driver2:/opt/ros/jazzy/opt/gz_sim_vendor:/opt/ros/jazzy/opt/gz_sensors_vendor:/opt/ros/jazzy/opt/gz_physics_vendor:/opt/ros/jazzy/opt/sdformat_vendor:/opt/ros/jazzy/opt/gz_gui_vendor:/opt/ros/jazzy/opt/gz_transport_vendor:/opt/ros/jazzy/opt/gz_rendering_vendor:/opt/ros/jazzy/opt/gz_plugin_vendor:/opt/ros/jazzy/opt/gz_fuel_tools_vendor:/opt/ros/jazzy/opt/gz_msgs_vendor:/opt/ros/jazzy/opt/gz_common_vendor:/opt/ros/jazzy/opt/gz_math_vendor:/opt/ros/jazzy/opt/gz_utils_vendor:/opt/ros/jazzy/opt/gz_tools_vendor:/opt/ros/jazzy/opt/gz_ogre_next_vendor:/opt/ros/jazzy/opt/gz_dartsim_vendor:/opt/ros/jazzy/opt/gz_cmake_vendor:/opt/ros/jazzy'}), 'shell': False}
[92.581349] (rog_map) StdoutLine: {'line': b'-- Install configuration: "Release"\n'}
[92.581636] (rog_map) StdoutLine: {'line': b'-- Installing: /home/rmadmin/Nav27/ObsMap/src/RogMap_2D/install/rog_map/lib/librog_map.a\n'}
[92.614912] (rog_map) StdoutLine: {'line': b'-- Installing: /home/rmadmin/Nav27/ObsMap/src/RogMap_2D/install/rog_map/lib/rog_map/rog_map_node\n'}
[92.615303] (-) TimerEvent: {}
[92.644174] (rog_map) StdoutLine: {'line': b'-- Set non-toolchain portion of runtime path of "/home/rmadmin/Nav27/ObsMap/src/RogMap_2D/install/rog_map/lib/rog_map/rog_map_node" to ""\n'}
[92.644558] (rog_map) StdoutLine: {'line': b'-- Installing: /home/rmadmin/Nav27/ObsMap/src/RogMap_2D/install/rog_map/include/rog_map\n'}
[92.644725] (rog_map) StdoutLine: {'line': b'-- Installing: /home/rmadmin/Nav27/ObsMap/src/RogMap_2D/install/rog_map/include/rog_map/super_utils\n'}
[92.645074] (rog_map) StdoutLine: {'line': b'-- Installing: /home/rmadmin/Nav27/ObsMap/src/RogMap_2D/install/rog_map/include/rog_map/super_utils/type_utils.hpp\n'}
[92.645140] (rog_map) StdoutLine: {'line': b'-- Installing: /home/rmadmin/Nav27/ObsMap/src/RogMap_2D/install/rog_map/include/rog_map/super_utils/backward.hpp\n'}
[92.645185] (rog_map) StdoutLine: {'line': b'-- Installing: /home/rmadmin/Nav27/ObsMap/src/RogMap_2D/install/rog_map/include/rog_map/super_utils/color_text.hpp\n'}
[92.645228] (rog_map) StdoutLine: {'line': b'-- Installing: /home/rmadmin/Nav27/ObsMap/src/RogMap_2D/install/rog_map/include/rog_map/super_utils/yaml_loader.hpp\n'}
[92.645270] (rog_map) StdoutLine: {'line': b'-- Installing: /home/rmadmin/Nav27/ObsMap/src/RogMap_2D/install/rog_map/include/rog_map/super_utils/tinycolormap.hpp\n'}
[92.647091] (rog_map) StdoutLine: {'line': b'-- Installing: /home/rmadmin/Nav27/ObsMap/src/RogMap_2D/install/rog_map/include/rog_map/super_utils/color_msg_utils.hpp\n'}
[92.647305] (rog_map) StdoutLine: {'line': b'-- Installing: /home/rmadmin/Nav27/ObsMap/src/RogMap_2D/install/rog_map/include/rog_map/super_utils/README.md\n'}
[92.647437] (rog_map) StdoutLine: {'line': b'-- Installing: /home/rmadmin/Nav27/ObsMap/src/RogMap_2D/install/rog_map/include/rog_map/super_utils/scope_timer.hpp\n'}
[92.647561] (rog_map) StdoutLine: {'line': b'-- Installing: /home/rmadmin/Nav27/ObsMap/src/RogMap_2D/install/rog_map/include/rog_map/super_utils/eigen_alias.hpp\n'}
[92.647673] (rog_map) StdoutLine: {'line': b'-- Installing: /home/rmadmin/Nav27/ObsMap/src/RogMap_2D/install/rog_map/include/rog_map/super_utils/fmt_eigen.hpp\n'}
[92.647792] (rog_map) StdoutLine: {'line': b'-- Installing: /home/rmadmin/Nav27/ObsMap/src/RogMap_2D/install/rog_map/include/rog_map/fmt\n'}
[92.647897] (rog_map) StdoutLine: {'line': b'-- Installing: /home/rmadmin/Nav27/ObsMap/src/RogMap_2D/install/rog_map/include/rog_map/fmt/chrono.h\n'}
[92.648022] (rog_map) StdoutLine: {'line': b'-- Installing: /home/rmadmin/Nav27/ObsMap/src/RogMap_2D/install/rog_map/include/rog_map/fmt/ostream.h\n'}
[92.648442] (rog_map) StdoutLine: {'line': b'-- Installing: /home/rmadmin/Nav27/ObsMap/src/RogMap_2D/install/rog_map/include/rog_map/fmt/ranges.h\n'}
[92.648979] (rog_map) StdoutLine: {'line': b'-- Installing: /home/rmadmin/Nav27/ObsMap/src/RogMap_2D/install/rog_map/include/rog_map/fmt/core.h\n'}
[92.649197] (rog_map) StdoutLine: {'line': b'-- Installing: /home/rmadmin/Nav27/ObsMap/src/RogMap_2D/install/rog_map/include/rog_map/fmt/format.h\n'}
[92.649354] (rog_map) StdoutLine: {'line': b'-- Installing: /home/rmadmin/Nav27/ObsMap/src/RogMap_2D/install/rog_map/include/rog_map/fmt/args.h\n'}
[92.649525] (rog_map) StdoutLine: {'line': b'-- Installing: /home/rmadmin/Nav27/ObsMap/src/RogMap_2D/install/rog_map/include/rog_map/fmt/color.h\n'}
[92.649669] (rog_map) StdoutLine: {'line': b'-- Installing: /home/rmadmin/Nav27/ObsMap/src/RogMap_2D/install/rog_map/include/rog_map/fmt/format-inl.h\n'}
[92.649784] (rog_map) StdoutLine: {'line': b'-- Installing: /home/rmadmin/Nav27/ObsMap/src/RogMap_2D/install/rog_map/include/rog_map/fmt/std.h\n'}
[92.649897] (rog_map) StdoutLine: {'line': b'-- Installing: /home/rmadmin/Nav27/ObsMap/src/RogMap_2D/install/rog_map/include/rog_map/fmt/compile.h\n'}
[92.650011] (rog_map) StdoutLine: {'line': b'-- Installing: /home/rmadmin/Nav27/ObsMap/src/RogMap_2D/install/rog_map/include/rog_map/fmt/xchar.h\n'}
[92.650134] (rog_map) StdoutLine: {'line': b'-- Installing: /home/rmadmin/Nav27/ObsMap/src/RogMap_2D/install/rog_map/include/rog_map/fmt/printf.h\n'}
[92.650303] (rog_map) StdoutLine: {'line': b'-- Installing: /home/rmadmin/Nav27/ObsMap/src/RogMap_2D/install/rog_map/include/rog_map/fmt/os.h\n'}
[92.650469] (rog_map) StdoutLine: {'line': b'-- Installing: /home/rmadmin/Nav27/ObsMap/src/RogMap_2D/install/rog_map/include/rog_map/rog_map_ros\n'}
[92.650588] (rog_map) StdoutLine: {'line': b'-- Installing: /home/rmadmin/Nav27/ObsMap/src/RogMap_2D/install/rog_map/include/rog_map/rog_map_ros/rog_map_ros1.hpp\n'}
[92.650755] (rog_map) StdoutLine: {'line': b'-- Installing: /home/rmadmin/Nav27/ObsMap/src/RogMap_2D/install/rog_map/include/rog_map/rog_map_ros/rog_map_ros2.hpp\n'}
[92.650870] (rog_map) StdoutLine: {'line': b'-- Installing: /home/rmadmin/Nav27/ObsMap/src/RogMap_2D/install/rog_map/include/rog_map/rog_map\n'}
[92.650973] (rog_map) StdoutLine: {'line': b'-- Installing: /home/rmadmin/Nav27/ObsMap/src/RogMap_2D/install/rog_map/include/rog_map/rog_map/free_cnt_map.h\n'}
[92.651079] (rog_map) StdoutLine: {'line': b'-- Installing: /home/rmadmin/Nav27/ObsMap/src/RogMap_2D/install/rog_map/include/rog_map/rog_map/rog_map_core\n'}
[92.651192] (rog_map) StdoutLine: {'line': b'-- Installing: /home/rmadmin/Nav27/ObsMap/src/RogMap_2D/install/rog_map/include/rog_map/rog_map/rog_map_core/counter_map.h\n'}
[92.651293] (rog_map) StdoutLine: {'line': b'-- Installing: /home/rmadmin/Nav27/ObsMap/src/RogMap_2D/install/rog_map/include/rog_map/rog_map/rog_map_core/raycaster.h\n'}
[92.651376] (rog_map) StdoutLine: {'line': b'-- Installing: /home/rmadmin/Nav27/ObsMap/src/RogMap_2D/install/rog_map/include/rog_map/rog_map/rog_map_core/config.hpp\n'}
[92.651464] (rog_map) StdoutLine: {'line': b'-- Installing: /home/rmadmin/Nav27/ObsMap/src/RogMap_2D/install/rog_map/include/rog_map/rog_map/rog_map_core/sliding_map.h\n'}
[92.651570] (rog_map) StdoutLine: {'line': b'-- Installing: /home/rmadmin/Nav27/ObsMap/src/RogMap_2D/install/rog_map/include/rog_map/rog_map/rog_map_core/common_lib.hpp\n'}
[92.651649] (rog_map) StdoutLine: {'line': b'-- Installing: /home/rmadmin/Nav27/ObsMap/src/RogMap_2D/install/rog_map/include/rog_map/rog_map/rog_map_core/raycaster.cpp\n'}
[92.651764] (rog_map) StdoutLine: {'line': b'-- Installing: /home/rmadmin/Nav27/ObsMap/src/RogMap_2D/install/rog_map/include/rog_map/rog_map/inf_map.h\n'}
[92.651856] (rog_map) StdoutLine: {'line': b'-- Installing: /home/rmadmin/Nav27/ObsMap/src/RogMap_2D/install/rog_map/include/rog_map/rog_map/esdf_map.h\n'}
[92.651934] (rog_map) StdoutLine: {'line': b'-- Installing: /home/rmadmin/Nav27/ObsMap/src/RogMap_2D/install/rog_map/include/rog_map/rog_map/projection2d.h\n'}
[92.652035] (rog_map) StdoutLine: {'line': b'-- Installing: /home/rmadmin/Nav27/ObsMap/src/RogMap_2D/install/rog_map/include/rog_map/rog_map/rog_map.h\n'}
[92.652125] (rog_map) StdoutLine: {'line': b'-- Installing: /home/rmadmin/Nav27/ObsMap/src/RogMap_2D/install/rog_map/include/rog_map/rog_map/prob_map.h\n'}
[92.652222] (rog_map) StdoutLine: {'line': b'-- Installing: /home/rmadmin/Nav27/ObsMap/src/RogMap_2D/install/rog_map/share/rog_map//launch\n'}
[92.652312] (rog_map) StdoutLine: {'line': b'-- Installing: /home/rmadmin/Nav27/ObsMap/src/RogMap_2D/install/rog_map/share/rog_map//launch/rog_map.launch.py\n'}
[92.652407] (rog_map) StdoutLine: {'line': b'-- Installing: /home/rmadmin/Nav27/ObsMap/src/RogMap_2D/install/rog_map/share/rog_map//config\n'}
[92.652505] (rog_map) StdoutLine: {'line': b'-- Installing: /home/rmadmin/Nav27/ObsMap/src/RogMap_2D/install/rog_map/share/rog_map//config/rog_map.yaml\n'}
[92.652604] (rog_map) StdoutLine: {'line': b'-- Installing: /home/rmadmin/Nav27/ObsMap/src/RogMap_2D/install/rog_map/share/rog_map//config/visualization.cfg\n'}
[92.652711] (rog_map) StdoutLine: {'line': b'-- Installing: /home/rmadmin/Nav27/ObsMap/src/RogMap_2D/install/rog_map/share/ament_index/resource_index/package_run_dependencies/rog_map\n'}
[92.652791] (rog_map) StdoutLine: {'line': b'-- Installing: /home/rmadmin/Nav27/ObsMap/src/RogMap_2D/install/rog_map/share/ament_index/resource_index/parent_prefix_path/rog_map\n'}
[92.652921] (rog_map) StdoutLine: {'line': b'-- Installing: /home/rmadmin/Nav27/ObsMap/src/RogMap_2D/install/rog_map/share/rog_map/environment/ament_prefix_path.sh\n'}
[92.653026] (rog_map) StdoutLine: {'line': b'-- Installing: /home/rmadmin/Nav27/ObsMap/src/RogMap_2D/install/rog_map/share/rog_map/environment/ament_prefix_path.dsv\n'}
[92.653119] (rog_map) StdoutLine: {'line': b'-- Installing: /home/rmadmin/Nav27/ObsMap/src/RogMap_2D/install/rog_map/share/rog_map/environment/path.sh\n'}
[92.653224] (rog_map) StdoutLine: {'line': b'-- Installing: /home/rmadmin/Nav27/ObsMap/src/RogMap_2D/install/rog_map/share/rog_map/environment/path.dsv\n'}
[92.653312] (rog_map) StdoutLine: {'line': b'-- Installing: /home/rmadmin/Nav27/ObsMap/src/RogMap_2D/install/rog_map/share/rog_map/local_setup.bash\n'}
[92.653401] (rog_map) StdoutLine: {'line': b'-- Installing: /home/rmadmin/Nav27/ObsMap/src/RogMap_2D/install/rog_map/share/rog_map/local_setup.sh\n'}
[92.653481] (rog_map) StdoutLine: {'line': b'-- Installing: /home/rmadmin/Nav27/ObsMap/src/RogMap_2D/install/rog_map/share/rog_map/local_setup.zsh\n'}
[92.653557] (rog_map) StdoutLine: {'line': b'-- Installing: /home/rmadmin/Nav27/ObsMap/src/RogMap_2D/install/rog_map/share/rog_map/local_setup.dsv\n'}
[92.653629] (rog_map) StdoutLine: {'line': b'-- Installing: /home/rmadmin/Nav27/ObsMap/src/RogMap_2D/install/rog_map/share/rog_map/package.dsv\n'}
[92.653705] (rog_map) StdoutLine: {'line': b'-- Installing: /home/rmadmin/Nav27/ObsMap/src/RogMap_2D/install/rog_map/share/ament_index/resource_index/packages/rog_map\n'}
[92.653950] (rog_map) StdoutLine: {'line': b'-- Installing: /home/rmadmin/Nav27/ObsMap/src/RogMap_2D/install/rog_map/share/rog_map/cmake/rog_mapConfig.cmake\n'}
[92.654032] (rog_map) StdoutLine: {'line': b'-- Installing: /home/rmadmin/Nav27/ObsMap/src/RogMap_2D/install/rog_map/share/rog_map/cmake/rog_mapConfig-version.cmake\n'}
[92.654071] (rog_map) StdoutLine: {'line': b'-- Installing: /home/rmadmin/Nav27/ObsMap/src/RogMap_2D/install/rog_map/share/rog_map/package.xml\n'}
[92.655069] (rog_map) CommandEnded: {'returncode': 0}
[92.665133] (rog_map) JobEnded: {'identifier': 'rog_map', 'rc': 0}
[92.665910] (-) EventReactorShutdown: {}
